tree
version=v4
num_class=4
num_tree_per_iteration=4
label_index=0
max_feature_idx=4
objective=multiclass num_class:4
feature_names=Column_0 Column_1 Column_2 Column_3 Column_4
feature_infos=[0:3] [0:2] [0:2] [0:1] [0:9]
tree_sizes=456 750 646 457 685 772 664 684 683 773 665 682 682 775 669 677 680 776 671 684 685 774 670 681 684 776 665 682 684 772 672 679 681 772 669 679 681 777 667 682 682 667 673 682 780 667 666 682 681 773 664 680 673 671 673 682 681 770 668 679 780 670 668 678 778 668 667 682 783 672 669 684 784 772 667 680 781 668 669 681 666 675 668 682 667 772 667 679 785 769 667 683 668 670 670 680 669 670 669 683 672 673 673 680 778 772 669 684 775 677 675 680 780 775 665 681 885 670 774 682 777 672 669 682 888 677 669 682 885 775 670 679 779 673 671 679 888 678 665 684 779 778 656 684 888 676 775 680 779 678 670 678 779 672 770 680 886 675 776 684 780 677 667 680 889 669 774 681 780 675 778 678 780 675 670 682 889 675 779 682 782 777 776 681 888 676 671 681 780 677 666 683 788 673 776 685 781 674 669 687 787 679 774 682 785 685 781 685 783 682 673 679 890 673 668 682 782 782 667 685 789 781 774 684 788 781 778 685 784 784 675 684 890 786 775 690 785 784 666 689 893 671 781 690 787 672 782 687 785 670 677 692 781 677 781 690 893 676 672 686 680 678 782 684 1004 676 669 684 784 677 777 687 786 675 778 688 895 783 673 685 790 783 782 686 792 787 675 687 1004 681 781 689 794 672 784 568 793 681 674 689 1009 679 782 567 795 675 783 689 904 681 781 686 900 680 774 668 795 781 774 688 794 784 676 688 792 782 778 669 793 782 677 686 797 678 787 688 691 681 789 671 900 682 780 687 790 784 788 672 795 683 679 685 799 682 785 689 795 785 778 672 795 677 777 684 786 675 790 673 794 682 787 684 789 677 790 685 794 682 781 683 788 683 790 775 787 677 790 683 795 681 785 681 790 678 788 686 792 683 781 686

Tree=0
num_leaves=3
num_cat=0
split_feature=0 2
split_gain=46.1885 2.7571
threshold=1.0000000180025095e-35 1.0000000180025095e-35
decision_type=2 2
left_child=-1 -2
right_child=1 -3
leaf_value=-1.5262279614408574 -1.6381651039945255 -1.6765550987331481
leaf_weight=7.9825908839702633 6.5121136158704784 16.595386311411858
leaf_count=38 31 79
internal_value=-1.62992 -1.66574
internal_weight=31.0901 23.1075
internal_count=148 110
is_linear=0
shrinkage=1


Tree=1
num_leaves=6
num_cat=0
split_feature=0 3 0 0 4
split_gain=17.0831 8.6807 7.32232 1.05113 0.522042
threshold=2.5000000000000004 1.0000000180025095e-35 1.0000000180025095e-35 1.5000000000000002 2.5000000000000004
decision_type=2 2 2 2 2
left_child=1 4 -3 -4 -1
right_child=-2 2 3 -5 -6
leaf_value=-1.0527138044755537 -1.085341410182326 -1.0270778285630897 -0.98152630111532313 -0.95327729184539045 -1.0331372410514903
leaf_weight=6.1297786235809308 9.8076457977294904 8.5816900730133074 6.7427564859390241 6.4362675547599792 7.6622232794761658
leaf_count=20 32 28 22 21 25
internal_value=-1.02692 -1.0108 -0.991135 -0.96773 -1.04184
internal_weight=45.3604 35.5527 21.7607 13.179 13.792
internal_count=148 116 71 43 45
is_linear=0
shrinkage=1


Tree=2
num_leaves=5
num_cat=0
split_feature=3 1 1 0
split_gain=15.1867 6.81459 3.19402 0.109693
threshold=1.0000000180025095e-35 1.5000000000000002 1.5000000000000002 1.5000000000000002
decision_type=2 2 2 2
left_child=2 3 -1 -2
right_child=1 -3 -4 -5
leaf_value=-1.3427067722816644 -1.4100806561914117 -1.3469176400260234 -1.297790849675166 -1.4011485124912557
leaf_weight=8.905527591705324 8.905527591705324 7.1244220733642569 7.1244220733642569 5.5977602005004874
leaf_count=35 35 28 28 22
internal_value=-1.35963 -1.38696 -1.32274 -1.40663
internal_weight=37.6577 21.6277 16.0299 14.5033
internal_count=148 85 63 57
is_linear=0
shrinkage=1


Tree=3
num_leaves=3
num_cat=0
split_feature=0 0
split_gain=93.8875 3.55271e-15
threshold=2.5000000000000004 1.0000000180025095e-35
decision_type=2 2
left_child=1 -1
right_child=-2 -3
leaf_value=-1.7112577651371017 -1.4973515152623231 -1.7112577651371019
leaf_weight=7.7720964252948823 6.5449233055114737 15.953250557184218
leaf_count=38 32 78
internal_value=-1.66501 -1.71126
internal_weight=30.2703 23.7253
internal_count=148 116
is_linear=0
shrinkage=1


Tree=4
num_leaves=5
num_cat=0
split_feature=0 2 0 3
split_gain=40.1517 2.70613 5.40358e-05 2.09443e-05
threshold=1.0000000180025095e-35 1.0000000180025095e-35 2.5000000000000004 1.0000000180025095e-35
decision_type=2 2 2 2
left_child=-1 -2 3 -3
right_child=1 2 -4 -5
leaf_value=0.091999559514425858 -0.0078014403783240871 -0.046267141427833829 -0.046003075572814911 -0.046129063580895406
leaf_weight=8.5815231800079363 6.457656696438792 5.7334950715303439 5.0220496654510489 5.2713779360055923
leaf_count=38 31 28 25 26
internal_value=-1.12198e-05 -0.0351283 -0.046139 -0.046201
internal_weight=31.0661 22.4846 16.0269 11.0049
internal_count=148 110 79 54
is_linear=0
shrinkage=0.05


Tree=5
num_leaves=6
num_cat=0
split_feature=0 3 1 4 4
split_gain=15.242 7.71399 6.70524 0.779086 0.49374
threshold=2.5000000000000004 1.0000000180025095e-35 1.0000000180025095e-35 5.5000000000000009 2.5000000000000004
decision_type=2 2 2 2 2
left_child=1 4 -3 -4 -1
right_child=-2 2 3 -5 -6
leaf_value=-0.025078455105485661 -0.056305281911224775 -0.0079609322897876752 0.041488328554127311 0.064204468926721533 -0.0059951719107288193
leaf_weight=6.0872457921504957 9.4900342524051648 6.814375817775729 8.4003922343254072 6.8542104065418235 7.6480061113834381
leaf_count=20 32 22 27 22 25
internal_value=3.29292e-05 0.0149656 0.0332748 0.0516952 -0.0144526
internal_weight=45.2943 35.8042 22.069 15.2546 13.7353
internal_count=148 116 71 49 45
is_linear=0
shrinkage=0.05


Tree=6
num_leaves=5
num_cat=0
split_feature=3 1 2 0
split_gain=13.5841 6.52239 3.03683 0.11118
threshold=1.0000000180025095e-35 1.5000000000000002 1.5000000000000002 1.5000000000000002
decision_type=2 2 2 2
left_child=2 3 -1 -2
right_child=1 -3 -4 -5
leaf_value=0.014914016661756206 -0.049664590625484707 0.01254571120412204 0.058190327488499588 -0.040537487431688404
leaf_weight=9.0953361093997973 8.6303789466619509 7.1372840106487265 7.3132917284965506 5.4395655691623679
leaf_count=35 35 28 28 22
internal_value=4.31356e-05 -0.0263867 0.0342022 -0.046136
internal_weight=37.6159 21.2072 16.4086 14.0699
internal_count=148 85 63 57
is_linear=0
shrinkage=0.05


Tree=7
num_leaves=5
num_cat=0
split_feature=0 0 3 0
split_gain=78.7632 2.2956e-05 2.63204e-05 7.66819e-06
threshold=2.5000000000000004 1.0000000180025095e-35 1.0000000180025095e-35 1.5000000000000002
decision_type=2 2 2 2
left_child=1 -1 -3 -4
right_child=-2 2 3 -5
leaf_value=-0.045707702917908717 0.1423304421949235 -0.045886472907677563 -0.045801603798437653 -0.045706461104382562
leaf_weight=7.4639758169651094 7.3497828990221015 6.9698386639356587 4.3527655452489853 4.1245205849409103
leaf_count=38 32 35 22 21
internal_value=-9.13898e-05 -0.0457797 -0.0458145 -0.0457553
internal_weight=30.2609 22.9111 15.4471 8.47729
internal_count=148 116 78 43
is_linear=0
shrinkage=0.05


Tree=8
num_leaves=5
num_cat=0
split_feature=0 2 0 1
split_gain=35.577 2.63513 0.000199214 5.74509e-05
threshold=1.0000000180025095e-35 1.0000000180025095e-35 2.5000000000000004 1.5000000000000002
decision_type=2 2 2 2
left_child=-1 -2 3 -3
right_child=1 2 -4 -5
leaf_value=0.083219151842151839 -0.0076013947144739705 -0.045905279574035854 -0.045410595300043148 -0.045672525610757582
leaf_weight=9.0788643509149569 6.4329142123460779 5.7827975004911405 4.7940576523542413 4.8956983089447021
leaf_count=38 31 29 25 25
internal_value=-4.02085e-06 -0.0344964 -0.0456784 -0.0457986
internal_weight=30.9843 21.9055 15.4726 10.6785
internal_count=148 110 79 54
is_linear=0
shrinkage=0.05


Tree=9
num_leaves=6
num_cat=0
split_feature=0 3 1 4 4
split_gain=13.6577 6.86613 6.03986 0.69202 0.468108
threshold=2.5000000000000004 1.0000000180025095e-35 1.0000000180025095e-35 5.5000000000000009 2.5000000000000004
decision_type=2 2 2 2 2
left_child=1 4 -3 -4 -1
right_child=-2 2 3 -5 -6
leaf_value=-0.024381228310637923 -0.054488691103425961 -0.0081996381990178287 0.038688697016844964 0.059920155259717528 -0.0057539911559491893
leaf_weight=6.0439760684967023 9.1529622077941877 6.8226210474967983 8.517837315797804 6.9854190945625296 7.6314466893672943
leaf_count=20 32 22 27 22 25
internal_value=4.79386e-05 0.0139133 0.031003 0.0482551 -0.0139865
internal_weight=45.1543 36.0013 22.3259 15.5033 13.6754
internal_count=148 116 71 49 45
is_linear=0
shrinkage=0.05


Tree=10
num_leaves=5
num_cat=0
split_feature=3 1 1 0
split_gain=12.1694 6.29844 2.67903 0.107763
threshold=1.0000000180025095e-35 1.5000000000000002 1.5000000000000002 1.5000000000000002
decision_type=2 2 2 2
left_child=2 3 -1 -2
right_child=1 -3 -4 -5
leaf_value=0.013714309494837769 -0.048898400360846916 0.01262536702401605 0.053907915546514099 -0.039788341991524742
leaf_weight=9.2083207070827502 8.3395675867795962 7.1306221187114707 7.5407342910766593 5.314948394894599
leaf_count=35 35 28 28 22
internal_value=9.4667e-05 -0.0254623 0.0318102 -0.0453524
internal_weight=37.5342 20.7851 16.7491 13.6545
internal_count=148 85 63 57
is_linear=0
shrinkage=0.05


Tree=11
num_leaves=5
num_cat=0
split_feature=0 0 1 4
split_gain=67.6613 0.000154925 5.85919e-05 1.8589e-05
threshold=2.5000000000000004 1.0000000180025095e-35 1.5000000000000002 3.5000000000000004
decision_type=2 2 2 2
left_child=1 -1 3 -3
right_child=-2 2 -4 -5
leaf_value=-0.045151263963002397 0.12404923125145101 -0.045598115397795069 -0.045314888640034655 -0.045452438975109741
leaf_weight=7.1286017447710064 8.0379118323326129 3.8944533765315992 6.0871336013078681 5.0031901597976685
leaf_count=38 32 20 32 26
internal_value=-0.000185508 -0.0453431 -0.0454344 -0.0455162
internal_weight=30.1513 22.1134 14.9848 8.89764
internal_count=148 116 78 46
is_linear=0
shrinkage=0.05


Tree=12
num_leaves=5
num_cat=0
split_feature=0 2 0 1
split_gain=31.7454 2.57698 0.000408283 0.0001457
threshold=1.0000000180025095e-35 1.0000000180025095e-35 2.5000000000000004 1.5000000000000002
decision_type=2 2 2 2
left_child=-1 -2 3 -3
right_child=1 2 -4 -5
leaf_value=0.075912298864367719 -0.0073290672680516632 -0.045598455861677149 -0.044859735081116271 -0.045221972788255377
leaf_weight=9.5240029543638247 6.3989273607730874 5.6457719504833204 4.5691747069358835 4.7169101387262344
leaf_count=38 31 29 25 25
internal_value=1.20681e-05 -0.0338767 -0.0452535 -0.0454271
internal_weight=30.8548 21.3308 14.9319 10.3627
internal_count=148 110 79 54
is_linear=0
shrinkage=0.05


Tree=13
num_leaves=6
num_cat=0
split_feature=0 3 1 4 4
split_gain=12.2719 6.1296 5.46433 0.622197 0.442895
threshold=2.5000000000000004 1.0000000180025095e-35 1.0000000180025095e-35 5.5000000000000009 2.5000000000000004
decision_type=2 2 2 2 2
left_child=1 4 -3 -4 -1
right_child=-2 2 3 -5 -6
leaf_value=-0.023705080567511461 -0.052899569073343915 -0.0083957009938441206 0.036157011272977949 0.056157837125757393 -0.0055407468923686452
leaf_weight=5.9996624588966352 8.8001941442489606 6.8271636366844204 8.613868832588194 7.0880431234836569 7.6154613792896271
leaf_count=20 32 22 27 22 25
internal_value=4.97903e-05 0.0129416 0.0289485 0.0451856 -0.0135451
internal_weight=44.9444 36.1442 22.5291 15.7019 13.6151
internal_count=148 116 71 49 45
is_linear=0
shrinkage=0.05


Tree=14
num_leaves=5
num_cat=0
split_feature=0 2 3 1
split_gain=11.5689 10.8238 7.95805 1.9987
threshold=1.0000000180025095e-35 1.5000000000000002 1.0000000180025095e-35 1.5000000000000002
decision_type=2 2 2 2
left_child=-1 2 -2 -3
right_child=1 3 -4 -5
leaf_value=-0.049061890925052892 0.030082223747977713 0.031670569197510809 -0.039067443165237109 0.073629887274373057
leaf_weight=9.0514791309833509 7.2842696905136117 5.4290963709354418 9.702891543507576 5.9469453394412994
leaf_count=38 27 21 40 22
internal_value=0.000154824 0.0158612 -0.00941535 0.0536052
internal_weight=37.4147 28.3632 16.9872 11.376
internal_count=148 110 67 43
is_linear=0
shrinkage=0.05


Tree=15
num_leaves=5
num_cat=0
split_feature=0 0 1 4
split_gain=59.158 0.0003468 0.000155089 4.04972e-05
threshold=2.5000000000000004 1.0000000180025095e-35 1.5000000000000002 3.5000000000000004
decision_type=2 2 2 2
left_child=1 -1 3 -3
right_child=-2 2 -4 -5
leaf_value=-0.044645123270259594 0.1102770986160851 -0.045333924696001421 -0.044878880068990622 -0.045116229426563237
leaf_weight=6.8052004426717785 8.618395000696184 3.8109467178583127 5.8578082621097556 4.8616287857294083
leaf_count=38 32 20 32 26
internal_value=-0.000280524 -0.0449397 -0.0450776 -0.0452119
internal_weight=29.954 21.3356 14.5304 8.67258
internal_count=148 116 78 46
is_linear=0
shrinkage=0.05


Tree=16
num_leaves=5
num_cat=0
split_feature=0 2 0 1
split_gain=28.175 2.50937 0.00066704 0.000188806
threshold=1.0000000180025095e-35 1.0000000180025095e-35 2.5000000000000004 1.5000000000000002
decision_type=2 2 2 2
left_child=-1 -2 3 -3
right_child=1 2 -4 -5
leaf_value=0.06908839102884537 -0.0071126844841674494 -0.045240089833016743 -0.044299738913862102 -0.044804169428450134
leaf_weight=9.964272469282152 6.3715988099575069 5.4800592958927137 4.3277929276227942 4.5432456284761429
leaf_count=38 31 29 25 25
internal_value=-3.20781e-06 -0.0332251 -0.0448185 -0.0450425
internal_weight=30.687 20.7227 14.3511 10.0233
internal_count=148 110 79 54
is_linear=0
shrinkage=0.05


Tree=17
num_leaves=6
num_cat=0
split_feature=0 3 1 4 4
split_gain=10.9908 5.48966 4.92838 0.550333 0.418289
threshold=2.5000000000000004 1.0000000180025095e-35 1.0000000180025095e-35 5.5000000000000009 2.5000000000000004
decision_type=2 2 2 2 2
left_child=1 4 -3 -4 -1
right_child=-2 2 3 -5 -6
leaf_value=-0.023086603461175192 -0.051424337012794114 -0.008487382967742681 0.033864574111243266 0.052575277204034987 -0.0053958397964013229
leaf_weight=5.9595411121845228 8.4176306128501874 6.8258588016033199 8.6941442489624006 7.1716788113117209 7.6056489646434784
leaf_count=20 32 22 27 22 25
internal_value=4.58274e-05 0.0119955 0.0270382 0.0423222 -0.0131679
internal_weight=44.6745 36.2569 22.6917 15.8658 13.5652
internal_count=148 116 71 49 45
is_linear=0
shrinkage=0.05


Tree=18
num_leaves=5
num_cat=0
split_feature=0 2 3 1
split_gain=10.6909 9.67728 7.30934 1.77307
threshold=1.0000000180025095e-35 1.5000000000000002 1.0000000180025095e-35 1.5000000000000002
decision_type=2 2 2 2
left_child=-1 2 -2 -3
right_child=1 3 -4 -5
leaf_value=-0.048286424559605912 0.027994899001679858 0.029495849558569844 -0.038294833139619261 0.068533356277566945
leaf_weight=8.7076978236436826 7.4124669134616861 5.5316023528575915 9.4724347293376923 6.1344567239284515
leaf_count=38 27 21 40 22
internal_value=0.000211403 0.0150027 -0.00919366 0.0500233
internal_weight=37.2587 28.551 16.8849 11.6661
internal_count=148 110 67 43
is_linear=0
shrinkage=0.05


Tree=19
num_leaves=5
num_cat=0
split_feature=0 0 1 4
split_gain=52.6512 0.000426522 0.000199817 4.84964e-05
threshold=2.5000000000000004 1.0000000180025095e-35 1.5000000000000002 3.5000000000000004
decision_type=2 2 2 2
left_child=1 -1 3 -3
right_child=-2 2 -4 -5
leaf_value=-0.044232819563350512 0.099942858668360737 -0.045011523520522782 -0.044491699640769648 -0.044769742013923079
leaf_weight=6.5298288315534618 9.0837072432041186 3.7056542783975583 5.6454492658376685 4.7101363986730576
leaf_count=38 32 20 32 26
internal_value=-0.000331104 -0.0445668 -0.0447218 -0.0448762
internal_weight=29.6748 20.5911 14.0612 8.41579
internal_count=148 116 78 46
is_linear=0
shrinkage=0.05


Tree=20
num_leaves=5
num_cat=0
split_feature=0 2 0 1
split_gain=25.1356 2.44743 0.000922096 0.000228284
threshold=1.0000000180025095e-35 1.0000000180025095e-35 2.5000000000000004 1.5000000000000002
decision_type=2 2 2 2
left_child=-1 -2 3 -3
right_child=1 2 -4 -5
leaf_value=0.063283008060574061 -0.0068841295974699113 -0.044901349589070064 -0.043786269570547064 -0.044413661000940352
leaf_weight=10.353998094797136 6.3424282521009472 5.3169553577899915 4.0938158929347983 4.3731699287891388
leaf_count=38 31 29 25 25
internal_value=-2.13199e-05 -0.0325882 -0.0444154 -0.0446813
internal_weight=30.4804 20.1264 13.7839 9.69013
internal_count=148 110 79 54
is_linear=0
shrinkage=0.05


Tree=21
num_leaves=6
num_cat=0
split_feature=0 3 1 4 4
split_gain=9.87457 4.9207 4.45969 0.491328 0.395287
threshold=2.5000000000000004 1.0000000180025095e-35 1.0000000180025095e-35 5.5000000000000009 2.5000000000000004
decision_type=2 2 2 2 2
left_child=1 4 -3 -4 -1
right_child=-2 2 3 -5 -6
leaf_value=-0.022468393958290436 -0.050133632215391292 -0.0085513208161590859 0.031772363183227924 0.049383657591051781 -0.0052317268929703061
leaf_weight=5.9183193743228895 8.032086715102194 6.8219598829746273 8.757716089487074 7.2295710742473593 7.5942822098731995
leaf_count=20 32 22 27 22 25
internal_value=3.50636e-05 0.0111292 0.0252941 0.0397363 -0.0127811
internal_weight=44.3539 36.3218 22.8092 15.9873 13.5126
internal_count=148 116 71 49 45
is_linear=0
shrinkage=0.05


Tree=22
num_leaves=5
num_cat=0
split_feature=0 2 3 1
split_gain=9.90401 8.69295 6.72316 1.59314
threshold=1.0000000180025095e-35 1.5000000000000002 1.0000000180025095e-35 1.5000000000000002
decision_type=2 2 2 2
left_child=-1 2 -2 -3
right_child=1 3 -4 -5
leaf_value=-0.047581271027385207 0.026111207460356015 0.027537451038070922 -0.03754127129956724 0.064155460164502562
leaf_weight=8.3705440163612348 7.5268509089946756 5.6233613193035143 9.2423374354839325 6.2959128022193909
leaf_count=38 27 21 40 22
internal_value=0.000271329 0.0142335 -0.00897085 0.0468796
internal_weight=37.059 28.6885 16.7692 11.9193
internal_count=148 110 67 43
is_linear=0
shrinkage=0.05


Tree=23
num_leaves=5
num_cat=0
split_feature=0 0 1 4
split_gain=47.3128 0.000494647 0.000241635 5.56281e-05
threshold=2.5000000000000004 1.0000000180025095e-35 1.5000000000000002 3.5000000000000004
decision_type=2 2 2 2
left_child=1 -1 3 -3
right_child=-2 2 -4 -5
leaf_value=-0.043849887705298872 0.09159827947550607 -0.044705780309282295 -0.044128675286934205 -0.044442915434916797
leaf_weight=6.2626378685236004 9.4691846072673815 3.6019783914089185 5.437619909644126 4.5613880008459091
leaf_count=38 32 20 32 26
internal_value=-0.000373662 -0.0442176 -0.0443869 -0.0445589
internal_weight=29.3328 19.8636 13.601 8.16337
internal_count=148 116 78 46
is_linear=0
shrinkage=0.05


Tree=24
num_leaves=5
num_cat=0
split_feature=0 2 0 1
split_gain=22.5187 2.39034 0.00115291 0.000263018
threshold=1.0000000180025095e-35 1.0000000180025095e-35 2.5000000000000004 1.5000000000000002
decision_type=2 2 2 2
left_child=-1 -2 3 -3
right_child=1 2 -4 -5
leaf_value=0.058275758495865096 -0.0066463105620981249 -0.044580893996611526 -0.043315403631291667 -0.044048153867170543
leaf_weight=10.697351455688478 6.3117883950471905 5.1566717177629453 3.8680832684040061 4.2069683074951172
leaf_count=38 31 29 25 25
internal_value=-4.29765e-05 -0.0319644 -0.0440416 -0.0443415
internal_weight=30.2409 19.5435 13.2317 9.36364
internal_count=148 110 79 54
is_linear=0
shrinkage=0.05


Tree=25
num_leaves=6
num_cat=0
split_feature=0 3 1 4 4
split_gain=8.89683 4.41308 4.04693 0.442144 0.373755
threshold=2.5000000000000004 1.0000000180025095e-35 1.0000000180025095e-35 5.5000000000000009 2.5000000000000004
decision_type=2 2 2 2 2
left_child=1 4 -3 -4 -1
right_child=-2 2 3 -5 -6
leaf_value=-0.021851953701759727 -0.048996843955513569 -0.0085913234754684837 0.029854018913511596 0.046517635995340395 -0.0050513996083532756
leaf_weight=5.8761547803878766 7.6481823027133933 6.8156751692295101 8.806326776742937 7.2645841538906089 7.5815337598323822
leaf_count=20 32 22 27 22 25
internal_value=1.90997e-05 0.0103339 0.0236942 0.0373865 -0.0123872
internal_weight=43.9925 36.3443 22.8866 16.0709 13.4577
internal_count=148 116 71 49 45
is_linear=0
shrinkage=0.05


Tree=26
num_leaves=5
num_cat=0
split_feature=0 2 3 1
split_gain=9.19573 7.84116 6.19188 1.44716
threshold=1.0000000180025095e-35 1.5000000000000002 1.0000000180025095e-35 1.5000000000000002
decision_type=2 2 2 2
left_child=-1 2 -2 -3
right_child=1 3 -4 -5
leaf_value=-0.046937772869017819 0.024403666115891856 0.02576529580027441 -0.036805732065905733 0.06035502433983856
leaf_weight=8.0411718785762769 7.6284737586975107 5.7051929235458392 9.0135131031274796 6.433989405632019
leaf_count=38 27 21 40 22
internal_value=0.000334 0.0135413 -0.00874813 0.0440985
internal_weight=36.8223 28.7812 16.642 12.1392
internal_count=148 110 67 43
is_linear=0
shrinkage=0.05


Tree=27
num_leaves=5
num_cat=0
split_feature=0 0 1 4
split_gain=42.8438 0.000550076 0.000279396 6.16677e-05
threshold=2.5000000000000004 1.0000000180025095e-35 1.5000000000000002 3.5000000000000004
decision_type=2 2 2 2
left_child=1 -1 3 -3
right_child=-2 2 -4 -5
leaf_value=-0.043493728882465353 0.084716194906367046 -0.044415501655718351 -0.043787921223709565 -0.044134498286660967
leaf_weight=6.0039611905813244 9.7837672233581561 3.5000196397304517 5.2346253097057343 4.4155849516391754
leaf_count=38 32 20 32 26
internal_value=-0.000409125 -0.0438903 -0.0440713 -0.0442587
internal_weight=28.938 19.1542 13.1502 7.9156
internal_count=148 116 78 46
is_linear=0
shrinkage=0.05


Tree=28
num_leaves=5
num_cat=0
split_feature=0 2 0 1
split_gain=20.2444 2.33733 0.00134814 0.000292476
threshold=1.0000000180025095e-35 1.0000000180025095e-35 2.5000000000000004 1.5000000000000002
decision_type=2 2 2 2
left_child=-1 -2 3 -3
right_child=1 2 -4 -5
leaf_value=0.053905723158857589 -0.0064018219808076055 -0.044277498687255654 -0.042883439468714188 -0.043705637161909922
leaf_weight=10.998223304748537 6.2800141423940685 4.9993880391120893 3.6511820554733267 4.0448744744062424
leaf_count=38 31 29 25 25
internal_value=-6.85872e-05 -0.0313522 -0.0436944 -0.0440217
internal_weight=29.9737 18.9755 12.6954 9.04426
internal_count=148 110 79 54
is_linear=0
shrinkage=0.05


Tree=29
num_leaves=6
num_cat=0
split_feature=0 3 1 4 4
split_gain=8.0365 3.95891 3.6812 0.40057 0.353571
threshold=2.5000000000000004 1.0000000180025095e-35 1.0000000180025095e-35 5.5000000000000009 2.5000000000000004
decision_type=2 2 2 2 2
left_child=1 4 -3 -4 -1
right_child=-2 2 3 -5 -6
leaf_value=-0.02123862752712977 -0.047989850571578951 -0.0086107944035251766 0.02808771916584208 0.043925430946246846 -0.0048575933123403935
leaf_weight=5.8332043290138227 7.2695070356130591 6.8071995079517391 8.8415783345699328 7.279397338628768 7.5675655603408813
leaf_count=20 32 22 27 22 25
internal_value=-8.46987e-07 0.00960187 0.0222205 0.0352392 -0.0119881
internal_weight=43.5985 36.3289 22.9282 16.121 13.4008
internal_count=148 116 71 49 45
is_linear=0
shrinkage=0.05


Tree=30
num_leaves=5
num_cat=0
split_feature=0 0 3 0
split_gain=8.55569 7.56756 14.307 0.186185
threshold=1.0000000180025095e-35 2.5000000000000004 1.0000000180025095e-35 1.5000000000000002
decision_type=2 2 2 2
left_child=-1 2 -2 -4
right_child=1 -3 3 -5
leaf_value=-0.046348658437879241 0.069659713393440084 -0.027496601040351083 -0.020324305731793817 -0.006658768837549945
leaf_weight=7.7204556167125693 10.582957595586777 8.2641049921512622 5.1997829377651215 4.7871786504983902
leaf_count=38 35 32 22 21
internal_value=0.000398844 0.0129157 0.0291517 -0.0137738
internal_weight=36.5545 28.834 20.5699 9.98696
internal_count=148 110 78 43
is_linear=0
shrinkage=0.05


Tree=31
num_leaves=5
num_cat=0
split_feature=0 0 1 4
split_gain=39.0413 0.000592849 0.000312445 6.64849e-05
threshold=2.5000000000000004 1.0000000180025095e-35 1.5000000000000002 3.5000000000000004
decision_type=2 2 2 2
left_child=1 -1 3 -3
right_child=-2 2 -4 -5
leaf_value=-0.043162029147726641 0.07894056593625666 -0.044139604662492934 -0.043467763654513436 -0.04384331570231443
leaf_weight=5.7540155798196819 10.035517394542696 3.39986304938793 5.0367143899202347 4.2728955745697021
leaf_count=38 32 20 32 26
internal_value=-0.000438149 -0.0435831 -0.0437737 -0.0439746
internal_weight=28.499 18.4635 12.7095 7.67276
internal_count=148 116 78 46
is_linear=0
shrinkage=0.05


Tree=32
num_leaves=5
num_cat=0
split_feature=0 2 0 1
split_gain=18.2229 2.30934 0.00118148 0.000285033
threshold=1.0000000180025095e-35 1.0000000180025095e-35 2.5000000000000004 1.5000000000000002
decision_type=2 2 2 2
left_child=-1 -2 3 -3
right_child=1 2 -4 -5
leaf_value=0.050052604823343338 -0.0059136810964905365 -0.043925381181834582 -0.04257983252259441 -0.043349267467799373
leaf_weight=11.260250896215441 6.2206281423568752 4.8135702610015851 3.4951166957616797 3.8754568845033646
leaf_count=38 31 29 25 25
internal_value=-4.85262e-05 -0.030701 -0.0433562 -0.0436684
internal_weight=29.665 18.4048 12.1841 8.68903
internal_count=148 110 79 54
is_linear=0
shrinkage=0.05


Tree=33
num_leaves=6
num_cat=0
split_feature=0 3 0 0 4
split_gain=7.4461 3.42063 3.35379 0.875011 0.334149
threshold=2.5000000000000004 1.0000000180025095e-35 1.0000000180025095e-35 1.5000000000000002 2.5000000000000004
decision_type=2 2 2 2 2
left_child=1 4 -3 -4 -1
right_child=-2 2 3 -5 -6
leaf_value=-0.020090789670985723 -0.047248604786962162 -0.0035344955644528693 0.023724264181751296 0.048537940488892442 -0.0040820279794836064
leaf_weight=5.7541964054107648 6.9712260961532584 8.7255676984787005 7.2745824754238111 6.9443056583404541 7.5188152194023132
leaf_count=20 32 28 22 21 25
internal_value=7.24e-05 0.00918086 0.020868 0.0358429 -0.0110222
internal_weight=43.1887 36.2175 22.9445 14.2189 13.273
internal_count=148 116 71 43 45
is_linear=0
shrinkage=0.05


Tree=34
num_leaves=5
num_cat=0
split_feature=1 3 2 0
split_gain=8.39158 5.32374 2.34824 0.105478
threshold=1.5000000000000002 1.0000000180025095e-35 1.5000000000000002 1.5000000000000002
decision_type=2 2 2 2
left_child=1 -1 -2 -3
right_child=2 3 -4 -5
leaf_value=0.0078660681247382288 0.010684556305463043 -0.046303252763172667 0.050409618569509679 -0.036623349481187339
leaf_weight=9.6049301624298096 7.9969186186790449 6.9520439505577087 6.9559385031461716 4.7282761782407761
leaf_count=35 32 35 24 22
internal_value=0.000457397 -0.0197092 0.0291643 -0.0423848
internal_weight=36.2381 21.2853 14.9529 11.6803
internal_count=148 92 56 57
is_linear=0
shrinkage=0.05


Tree=35
num_leaves=5
num_cat=0
split_feature=0 0 1 4
split_gain=35.0546 0.000527162 0.00031682 6.9439e-05
threshold=2.5000000000000004 1.0000000180025095e-35 1.5000000000000002 3.5000000000000004
decision_type=2 2 2 2
left_child=1 -1 3 -3
right_child=-2 2 -4 -5
leaf_value=-0.042852710652228322 0.072786765301725453 -0.043819009566662959 -0.043126601758322294 -0.043510503407922743
leaf_weight=5.512920185923579 10.283287197351457 3.2819846272468549 4.8241997063159943 4.105710580945015
leaf_count=38 32 20 32 26
internal_value=-0.000652045 -0.0432585 -0.0434418 -0.0436476
internal_weight=28.0081 17.7248 12.2119 7.3877
internal_count=148 116 78 46
is_linear=0
shrinkage=0.05


Tree=36
num_leaves=5
num_cat=0
split_feature=0 2 0 1
split_gain=16.4441 2.27961 0.00128216 0.000325095
threshold=1.0000000180025095e-35 1.0000000180025095e-35 2.5000000000000004 1.5000000000000002
decision_type=2 2 2 2
left_child=-1 -2 3 -3
right_child=1 2 -4 -5
leaf_value=0.046581296616594679 -0.0054975856486567647 -0.043665896520562159 -0.042225436721064213 -0.043039354086591541
leaf_weight=11.494151234626772 6.1706023812294033 4.6724336594343168 3.304035782814025 3.71771340072155
leaf_count=38 31 29 25 25
internal_value=-7.01418e-05 -0.0300855 -0.0430597 -0.0433883
internal_weight=29.3589 17.8648 11.6942 8.39015
internal_count=148 110 79 54
is_linear=0
shrinkage=0.05


Tree=37
num_leaves=6
num_cat=0
split_feature=0 3 1 4 4
split_gain=6.77786 3.08036 3.27342 0.375718 0.318521
threshold=2.5000000000000004 1.0000000180025095e-35 1.0000000180025095e-35 5.5000000000000009 2.5000000000000004
decision_type=2 2 2 2 2
left_child=1 4 -3 -4 -1
right_child=-2 2 3 -5 -6
leaf_value=-0.019554093130812699 -0.046457546510048617 -0.0094147903717491238 0.025024340006117765 0.040369407293055513 -0.003884470235813617
leaf_weight=5.7128982245922071 6.6216401159763327 6.8096458017826107 8.8616277277469653 7.2546399831771842 7.5016568601131439
leaf_count=20 32 22 27 22 25
internal_value=4.75854e-05 0.00856823 0.0196507 0.0319318 -0.0106587
internal_weight=42.7621 36.1405 22.9259 16.1163 13.2146
internal_count=148 116 71 49 45
is_linear=0
shrinkage=0.05


Tree=38
num_leaves=5
num_cat=0
split_feature=1 3 2 0
split_gain=7.78055 4.99581 2.12244 0.111396
threshold=1.5000000000000002 1.0000000180025095e-35 1.5000000000000002 1.5000000000000002
decision_type=2 2 2 2
left_child=1 -1 -2 -3
right_child=2 3 -4 -5
leaf_value=0.0072571312308659713 0.010353262468484073 -0.045858970413520501 0.047980984516957655 -0.03573908431847618
leaf_weight=9.6382301300764084 8.0102314054965955 6.7133458107709885 7.0426200330257407 4.570733517408371
leaf_count=35 32 35 24 22
internal_value=0.000543953 -0.0191793 0.0279578 -0.0417598
internal_weight=35.9752 20.9223 15.0529 11.2841
internal_count=148 92 56 57
is_linear=0
shrinkage=0.05


Tree=39
num_leaves=5
num_cat=0
split_feature=0 0 1 4
split_gain=32.154 0.00053918 0.000341627 8.15199e-05
threshold=2.5000000000000004 1.0000000180025095e-35 1.5000000000000002 3.5000000000000004
decision_type=2 2 2 2
left_child=1 -1 3 -3
right_child=-2 2 -4 -5
leaf_value=-0.042559689177380053 0.068460665486620928 -0.043572393474803288 -0.042832952634030252 -0.043232812884494716
leaf_weight=5.2824895083904293 10.428118824958803 3.1890464872121793 4.6295517534017563 3.9642913043498993
leaf_count=38 32 20 32 26
internal_value=-0.000710873 -0.0429794 -0.0431676 -0.0433842
internal_weight=27.4935 17.0654 11.7829 7.15334
internal_count=148 116 78 46
is_linear=0
shrinkage=0.05


Tree=40
num_leaves=5
num_cat=0
split_feature=0 2 0 1
split_gain=15.0286 2.2365 0.00138948 0.000390771
threshold=1.0000000180025095e-35 1.0000000180025095e-35 2.5000000000000004 1.5000000000000002
decision_type=2 2 2 2
left_child=-1 -2 3 -3
right_child=1 2 -4 -5
leaf_value=0.043837333887389085 -0.0052646824481643439 -0.043446577399606522 -0.041897893371756902 -0.042747326903401869
leaf_weight=11.667707949876787 6.1394820064306286 4.547410383820532 3.1211660876870146 3.5638681426644325
leaf_count=38 31 29 25 25
internal_value=-5.25748e-05 -0.0295309 -0.0427944 -0.0431393
internal_weight=29.0396 17.3719 11.2324 8.11128
internal_count=148 110 79 54
is_linear=0
shrinkage=0.05


Tree=41
num_leaves=5
num_cat=0
split_feature=0 2 0 2
split_gain=6.17967 2.80353 4.24755 2.11773
threshold=2.5000000000000004 1.5000000000000002 1.5000000000000002 1.0000000180025095e-35
decision_type=2 2 2 2
left_child=1 2 3 -1
right_child=-2 -3 -4 -5
leaf_value=-0.014410231806471684 -0.045744613619948089 -0.011798565672877624 0.048340738087398694 0.021582922623863576
leaf_weight=8.2706271111965215 6.2821031808853141 11.955922096967695 7.7372631728649131 8.078339010477066
leaf_count=27 32 39 24 26
internal_value=1.80135e-05 0.00799438 0.0178192 0.00337468
internal_weight=42.3243 36.0422 24.0862 16.349
internal_count=148 116 77 53
is_linear=0
shrinkage=0.05


Tree=42
num_leaves=5
num_cat=0
split_feature=0 0 3 0
split_gain=7.45863 6.37249 10.6909 0.196133
threshold=1.0000000180025095e-35 2.5000000000000004 1.0000000180025095e-35 1.5000000000000002
decision_type=2 2 2 2
left_child=-1 2 -2 -4
right_child=1 -3 3 -5
leaf_value=-0.045390808809049631 0.0601676370096366 -0.026002629600660982 -0.018774487455055902 -0.0044778165208880817
leaf_weight=7.0667461454868308 11.048545897006992 7.9738532453775397 5.0162010192871094 4.5977925956249237
leaf_count=38 35 32 22 21
internal_value=0.000613216 0.0119659 0.0266182 -0.0119373
internal_weight=35.7031 28.6364 20.6625 9.61399
internal_count=148 110 78 43
is_linear=0
shrinkage=0.05


Tree=43
num_leaves=5
num_cat=0
split_feature=0 0 1 4
split_gain=29.6171 0.000616397 0.000409857 9.43049e-05
threshold=2.5000000000000004 1.0000000180025095e-35 1.5000000000000002 3.5000000000000004
decision_type=2 2 2 2
left_child=1 -1 3 -3
right_child=-2 2 -4 -5
leaf_value=-0.042267625259659325 0.06469201683200379 -0.043375928762868506 -0.042556410200209199 -0.043005595725083473
leaf_weight=5.0405673235654858 10.527313888072969 3.1118006706237775 4.4400792270898819 3.8408644646406174
leaf_count=38 32 20 32 26
internal_value=-0.000783713 -0.042728 -0.0429317 -0.0431713
internal_weight=26.9606 16.4333 11.3927 6.95267
internal_count=148 116 78 46
is_linear=0
shrinkage=0.05


Tree=44
num_leaves=6
num_cat=0
split_feature=1 1 2 0 4
split_gain=13.8396 3.84348 4.00471 0.0369429 0.00719942
threshold=1.0000000180025095e-35 1.5000000000000002 1.0000000180025095e-35 1.5000000000000002 3.5000000000000004
decision_type=2 2 2 2 2
left_child=-1 2 -2 -3 -4
right_child=1 3 4 -5 -6
leaf_value=0.055693690723700243 0.038191791183203837 -0.048942776319809651 -0.022136203244899913 -0.042363337901940093 -0.025178857350463532
leaf_weight=8.0139740481972712 3.9422458112239838 5.4498282298445702 3.8556674048304558 3.5060643628239632 3.9215343073010445
leaf_count=32 18 29 22 27 20
internal_value=-8.57003e-05 -0.0217064 -0.0028609 -0.046367 -0.0236704
internal_weight=28.6893 20.6753 11.7194 8.95589 7.7772
internal_count=148 116 60 56 42
is_linear=0
shrinkage=0.05


Tree=45
num_leaves=5
num_cat=0
split_feature=0 2 0 2
split_gain=5.74829 2.55693 3.86342 1.96519
threshold=2.5000000000000004 1.5000000000000002 1.5000000000000002 1.0000000180025095e-35
decision_type=2 2 2 2
left_child=1 2 3 -1
right_child=-2 -3 -4 -5
leaf_value=-0.013948737295341705 -0.045184109798823882 -0.01130283817214041 0.046181072131453005 0.020762843565598377
leaf_weight=8.2257941663265264 6.0031053870916358 11.879166692495344 7.7251657843589774 8.0854603350162506
leaf_count=27 32 39 24 26
internal_value=0.000104509 0.00767427 0.017053 0.00325773
internal_weight=41.9187 35.9156 24.0364 16.3113
internal_count=148 116 77 53
is_linear=0
shrinkage=0.05


Tree=46
num_leaves=5
num_cat=0
split_feature=1 3 2 0
split_gain=7.23537 4.42188 1.86867 0.116997
threshold=1.5000000000000002 1.0000000180025095e-35 1.5000000000000002 1.5000000000000002
decision_type=2 2 2 2
left_child=1 -1 -2 -3
right_child=2 3 -4 -5
leaf_value=0.0057817594466079312 0.010398601281380199 -0.04526728091557336 0.045754559208334378 -0.034617217891821692
leaf_weight=9.6588912606239319 7.93477815389633 6.3091034442186356 7.0645435452461243 4.3614134639501572
leaf_count=35 32 35 24 22
internal_value=0.000708067 -0.0187281 0.0270509 -0.0409142
internal_weight=35.3287 20.3294 14.9993 10.6705
internal_count=148 92 56 57
is_linear=0
shrinkage=0.05


Tree=47
num_leaves=5
num_cat=0
split_feature=0 0 1 4
split_gain=26.8996 0.000492291 0.000363596 8.45262e-05
threshold=2.5000000000000004 1.0000000180025095e-35 1.5000000000000002 3.5000000000000004
decision_type=2 2 2 2
left_child=1 -1 3 -3
right_child=-2 2 -4 -5
leaf_value=-0.042028332519186223 0.060540027278899934 -0.043061952793271178 -0.042272787894206597 -0.042704007072379147
leaf_weight=4.8411634936928758 10.606908202171326 2.9890764057636243 4.2525104656815529 3.6795804277062416
leaf_count=38 32 20 32 26
internal_value=-0.00102154 -0.042448 -0.0426341 -0.0428644
internal_weight=26.3692 15.7623 10.9212 6.66866
internal_count=148 116 78 46
is_linear=0
shrinkage=0.05


Tree=48
num_leaves=5
num_cat=0
split_feature=0 2 0 1
split_gain=12.9431 2.11291 0.0012959 0.000656542
threshold=1.0000000180025095e-35 1.0000000180025095e-35 2.5000000000000004 1.5000000000000002
decision_type=2 2 2 2
left_child=-1 -2 3 -3
right_child=1 2 -4 -5
leaf_value=0.039690174341222573 -0.0053913494850308281 -0.043095419385996751 -0.041442239053854073 -0.042155834937986955
leaf_weight=11.891872316598894 6.1411708891391781 4.3347786515951139 2.8515403419733047 3.2555502131581306
leaf_count=38 31 29 25 25
internal_value=-0.000117383 -0.0286638 -0.042351 -0.0426924
internal_weight=28.4749 16.583 10.4419 7.59033
internal_count=148 110 79 54
is_linear=0
shrinkage=0.05


Tree=49
num_leaves=6
num_cat=0
split_feature=0 3 1 4 4
split_gain=5.23076 2.41766 2.73669 0.332884 0.29833
threshold=2.5000000000000004 1.0000000180025095e-35 1.0000000180025095e-35 5.5000000000000009 2.5000000000000004
decision_type=2 2 2 2 2
left_child=1 4 -3 -4 -1
right_child=-2 2 3 -5 -6
leaf_value=-0.018705356222423513 -0.044571784139617834 -0.0097508152981296333 0.021706836745059965 0.036208395879789995 -0.0034644197862579822
leaf_weight=5.6387853324413282 5.675508275628089 6.7541363239288357 8.8338179588317889 7.1687857806682578 7.4567902684211731
leaf_count=20 32 22 27 22 25
internal_value=2.86476e-05 0.007089 0.0169385 0.0282032 -0.010027
internal_weight=41.5278 35.8523 22.7567 16.0026 13.0956
internal_count=148 116 71 49 45
is_linear=0
shrinkage=0.05


Tree=50
num_leaves=5
num_cat=0
split_feature=0 2 4 1
split_gain=6.91329 5.68131 5.03729 0.901965
threshold=1.0000000180025095e-35 1.5000000000000002 4.5000000000000009 1.5000000000000002
decision_type=2 2 2 2
left_child=-1 2 -2 -3
right_child=1 3 -4 -5
leaf_value=-0.044887481835510896 0.01911476191471282 0.02238084690830246 -0.037132011802392804 0.049408444165131099
leaf_weight=6.6948107928037635 8.2096831053495389 5.7269473075866699 7.7270895689725885 6.6960203051567078
leaf_count=38 33 21 34 22
internal_value=0.000813145 0.0116016 -0.008157 0.0369488
internal_weight=35.0546 28.3597 15.9368 12.423
internal_count=148 110 67 43
is_linear=0
shrinkage=0.05


Tree=51
num_leaves=5
num_cat=0
split_feature=0 0 1 4
split_gain=25.0162 0.00041724 0.000325139 9.01352e-05
threshold=2.5000000000000004 1.0000000180025095e-35 1.5000000000000002 3.5000000000000004
decision_type=2 2 2 2
left_child=1 -1 3 -3
right_child=-2 2 -4 -5
leaf_value=-0.041818514413667823 0.057813953121976125 -0.042815477856359696 -0.042037873744034192 -0.042438973080511096
leaf_weight=4.6695364713668832 10.627049595117569 2.8896286487579328 4.0867169126868248 3.5333695933222771
leaf_count=38 32 20 32 26
internal_value=-0.00102113 -0.0422118 -0.0423865 -0.0426084
internal_weight=25.8063 15.1793 10.5097 6.423
internal_count=148 116 78 46
is_linear=0
shrinkage=0.05


Tree=52
num_leaves=5
num_cat=0
split_feature=1 1 0 0
split_gain=11.9595 3.67575 3.65466 0.0393501
threshold=1.0000000180025095e-35 1.5000000000000002 1.5000000000000002 1.5000000000000002
decision_type=2 2 2 2
left_child=-1 2 -2 -3
right_child=1 3 -4 -5
leaf_value=0.050715010211196156 0.016796175845916497 -0.048916378010347948 -0.043215073374673917 -0.041854510052135224
leaf_weight=8.1865357160568255 7.7845704257488251 5.2188972234725952 3.7635540142655373 3.1713282465934753
leaf_count=32 34 29 26 27
internal_value=-0.000168354 -0.0210607 -0.0027616 -0.0462471
internal_weight=28.1249 19.9383 11.5481 8.39023
internal_count=148 116 60 56
is_linear=0
shrinkage=0.05


Tree=53
num_leaves=5
num_cat=0
split_feature=3 1 1 0
split_gain=2.708 2.06932 2.04132 0.631751
threshold=1.0000000180025095e-35 1.5000000000000002 1.0000000180025095e-35 1.5000000000000002
decision_type=2 2 2 2
left_child=1 -1 -2 -4
right_child=2 -3 3 -5
leaf_value=-0.00075362315122511764 -0.012075935451241571 -0.037180608121449597 0.026969457296984869 0.0076996216308876791
leaf_weight=9.281763046979906 7.2605200260877636 6.7224012911319724 10.796465843915941 7.0182046443223944
leaf_count=35 25 28 33 27
internal_value=1.45293e-05 -0.0160544 0.0102705 0.019378
internal_weight=41.0794 16.0042 25.0752 17.8147
internal_count=148 63 85 60
is_linear=0
shrinkage=0.05


Tree=54
num_leaves=5
num_cat=0
split_feature=0 0 3 0
split_gain=6.47709 5.33066 8.54129 0.238503
threshold=1.0000000180025095e-35 2.5000000000000004 1.0000000180025095e-35 1.5000000000000002
decision_type=2 2 2 2
left_child=-1 2 -2 -4
right_child=1 -3 3 -5
leaf_value=-0.044466015358950527 0.053698091358835735 -0.024414244161410723 -0.018457889767909807 -0.0024681283422084248
leaf_weight=6.4209707230329505 11.275132745504383 7.6767765879631034 4.9465818107128143 4.412365734577179
leaf_count=38 35 32 22 21
internal_value=0.000873023 0.011156 0.0243897 -0.0109194
internal_weight=34.7318 28.3109 20.6341 9.35895
internal_count=148 110 78 43
is_linear=0
shrinkage=0.05


Tree=55
num_leaves=5
num_cat=0
split_feature=0 0 1 4
split_gain=23.2745 0.000412582 0.000331195 7.30811e-05
threshold=2.5000000000000004 1.0000000180025095e-35 1.5000000000000002 3.5000000000000004
decision_type=2 2 2 2
left_child=1 -1 3 -3
right_child=-2 2 -4 -5
leaf_value=-0.041595046357232608 0.055283359304785951 -0.042588407507013509 -0.041811773617248804 -0.042243674275044864
leaf_weight=4.471827059984208 10.620160311460495 2.7939188331365568 3.9200559556484222 3.4183303713798523
leaf_count=38 32 20 32 26
internal_value=-0.00103803 -0.0419951 -0.0421716 -0.0423987
internal_weight=25.2243 14.6041 10.1323 6.21225
internal_count=148 116 78 46
is_linear=0
shrinkage=0.05


Tree=56
num_leaves=5
num_cat=0
split_feature=0 2 0 1
split_gain=11.0369 2.06932 0.00142316 0.000974393
threshold=1.0000000180025095e-35 1.0000000180025095e-35 2.5000000000000004 1.5000000000000002
decision_type=2 2 2 2
left_child=-1 -2 3 -3
right_child=1 2 -4 -5
leaf_value=0.0358151239328292 -0.0047549702874653283 -0.042861249525376392 -0.040996527653379133 -0.041677832253654609
leaf_weight=12.057487547397615 6.0454786717891684 4.1685697436332685 2.5743499174714088 2.9848799854516983
leaf_count=38 31 29 25 25
internal_value=-0.000198288 -0.0277278 -0.0420047 -0.0423675
internal_weight=27.8308 15.7733 9.7278 7.15345
internal_count=148 110 79 54
is_linear=0
shrinkage=0.05


Tree=57
num_leaves=6
num_cat=0
split_feature=2 2 4 1 4
split_gain=2.49011 1.96414 4.02978 1.56626 1.53944
threshold=1.5000000000000002 1.0000000180025095e-35 4.5000000000000009 1.5000000000000002 4.5000000000000009
decision_type=2 2 2 2 2
left_child=1 4 -3 -2 -1
right_child=3 2 -4 -5 -6
leaf_value=0.012959711697374096 -0.0034373732475522245 -0.0080612033848457294 0.045956700835134701 -0.037394329002246145 -0.022157988322548727
leaf_weight=6.0186084359884262 8.6481274813413602 6.199267715215683 7.7925373762845993 5.5914045274257651 6.4812352657318115
leaf_count=22 31 22 27 24 22
internal_value=9.13399e-05 0.00915511 0.0220233 -0.0167712 -0.005249
internal_weight=40.7312 26.4916 13.9918 14.2395 12.4998
internal_count=148 93 49 55 44
is_linear=0
shrinkage=0.05


Tree=58
num_leaves=5
num_cat=0
split_feature=1 3 2 0
split_gain=6.28267 3.88388 1.47065 0.120974
threshold=1.5000000000000002 1.0000000180025095e-35 1.5000000000000002 1.5000000000000002
decision_type=2 2 2 2
left_child=1 -1 -2 -3
right_child=2 3 -4 -5
leaf_value=0.0048625142523165688 0.010353898059367126 -0.044547281242502512 0.041813185358978752 -0.033317597516846952
leaf_weight=9.5584037303924561 7.812108173966406 5.7478765398263931 7.0833277851343155 4.1153858453035355
leaf_count=35 32 35 24 22
internal_value=0.000885072 -0.0178506 0.0253139 -0.0398618
internal_weight=34.3171 19.4217 14.8954 9.86326
internal_count=148 92 56 57
is_linear=0
shrinkage=0.05


Tree=59
num_leaves=5
num_cat=0
split_feature=0 0 1 4
split_gain=21.5014 0.000328517 0.000251504 5.77865e-05
threshold=2.5000000000000004 1.0000000180025095e-35 1.5000000000000002 3.5000000000000004
decision_type=2 2 2 2
left_child=1 -1 3 -3
right_child=-2 2 -4 -5
leaf_value=-0.041405350807327983 0.052597150151538569 -0.042305034005984246 -0.041610701161696802 -0.04199177320699609
leaf_weight=4.3042430281639108 10.596217602491379 2.6734661310911161 3.7733436599373817 3.2762277871370316
leaf_count=38 32 20 32 26
internal_value=-0.00116048 -0.041769 -0.04193 -0.0421325
internal_weight=24.6235 14.0273 9.72304 5.94969
internal_count=148 116 78 46
is_linear=0
shrinkage=0.05


Tree=60
num_leaves=6
num_cat=0
split_feature=1 1 2 0 0
split_gain=10.3632 3.55962 3.57665 1.21396 0.0410862
threshold=1.0000000180025095e-35 1.5000000000000002 1.0000000180025095e-35 1.0000000180025095e-35 1.5000000000000002
decision_type=2 2 2 2 2
left_child=-1 2 -2 -4 -3
right_child=1 4 3 -5 -6
leaf_value=0.046425699948826525 0.035807110147755852 -0.048943276459907953 -0.0013236967146941228 -0.042080520017431199 -0.041456743920796069
leaf_weight=8.3023008853197116 3.9671042114496249 5.0000341013073912 3.4173939824104309 3.9258899465203285 2.892968975007534
leaf_count=32 18 29 11 31 27
internal_value=-0.000250404 -0.0204301 -0.002447 -0.0231132 -0.0461993
internal_weight=27.5057 19.2034 11.3104 7.34328 7.893
internal_count=148 116 60 42 56
is_linear=0
shrinkage=0.05


Tree=61
num_leaves=5
num_cat=0
split_feature=2 3 2 1
split_gain=2.26422 1.9168 2.12175 1.4097
threshold=1.5000000000000002 1.0000000180025095e-35 1.0000000180025095e-35 1.5000000000000002
decision_type=2 2 2 2
left_child=1 -1 -3 -2
right_child=3 2 -4 -5
leaf_value=-0.0099598438358377873 -0.0035673687534707866 0.0017082417356754189 0.036719819652168813 -0.036086054764858322
leaf_weight=9.044336289167406 8.6161360144615156 9.058814525604248 8.2846858650445938 5.4349873811006537
leaf_count=35 31 31 27 24
internal_value=6.78171e-05 0.00870123 0.0184327 -0.0161456
internal_weight=40.439 26.3878 17.3435 14.0511
internal_count=148 93 58 55
is_linear=0
shrinkage=0.05


Tree=62
num_leaves=5
num_cat=0
split_feature=0 2 4 1
split_gain=5.92927 4.94213 4.5146 0.716809
threshold=1.0000000180025095e-35 1.5000000000000002 4.5000000000000009 1.5000000000000002
decision_type=2 2 2 2
left_child=-1 2 -2 -3
right_child=1 3 -4 -5
leaf_value=-0.044039307308505998 0.017446881235568749 0.021131530558008725 -0.036422101652511051 0.045279001333575181
leaf_weight=6.0409107059240332 8.1898428797721845 5.6870981305837631 7.4070070236921319 6.6867188513278961
leaf_count=38 33 21 34 22
internal_value=0.000882522 0.0105844 -0.00813572 0.0341806
internal_weight=34.0116 27.9707 15.5968 12.3738
internal_count=148 110 67 43
is_linear=0
shrinkage=0.05


Tree=63
num_leaves=5
num_cat=0
split_feature=0 0 1 4
split_gain=20.2542 0.000368472 0.000277943 5.936e-05
threshold=2.5000000000000004 1.0000000180025095e-35 1.5000000000000002 3.5000000000000004
decision_type=2 2 2 2
left_child=1 -1 3 -3
right_child=-2 2 -4 -5
leaf_value=-0.041192089912451074 0.05083730875401387 -0.042151552703692384 -0.041416395156922192 -0.041829704261846394
leaf_weight=4.1087223440408716 10.553634852170944 2.606418699026106 3.626873292028904 3.1811323389410973
leaf_count=38 32 20 32 26
internal_value=-0.00107452 -0.0415872 -0.0417596 -0.0419746
internal_weight=24.0768 13.5231 9.41442 5.78755
internal_count=148 116 78 46
is_linear=0
shrinkage=0.05


Tree=64
num_leaves=6
num_cat=0
split_feature=0 4 0 2 0
split_gain=9.63934 1.97291 4.48745 0.0125221 0.000232834
threshold=1.0000000180025095e-35 4.5000000000000009 1.5000000000000002 1.0000000180025095e-35 1.5000000000000002
decision_type=2 2 2 2 2
left_child=-1 3 -3 -2 -5
right_child=1 2 -4 4 -6
leaf_value=0.03283885938708072 -0.046063637049205693 0.039100625384933869 -0.0425056417596619 -0.0423418564812219 -0.041667760664026714
leaf_weight=12.138376116752626 3.0704294592142087 2.9674373567104331 3.8966994732618332 2.7671982645988464 2.3850655481219292
leaf_count=38 16 19 33 21 21
internal_value=-0.00032971 -0.0270161 -0.00722641 -0.0435361 -0.0420298
internal_weight=27.2252 15.0868 6.86414 8.22269 5.15226
internal_count=148 110 52 58 42
is_linear=0
shrinkage=0.05


Tree=65
num_leaves=5
num_cat=0
split_feature=3 1 2 0
split_gain=2.05931 1.85048 1.66321 2.16209
threshold=1.0000000180025095e-35 1.5000000000000002 1.5000000000000002 1.5000000000000002
decision_type=2 2 2 2
left_child=1 -1 3 -2
right_child=2 -3 -4 -5
leaf_value=0.00012097677565284786 0.0031080235231427385 -0.035038094473593996 -0.010862858979295328 0.039272399070717112
leaf_weight=9.154087156057356 10.372341245412832 6.3304191529750815 7.3683103322982779 6.8703747540712348
leaf_count=35 33 28 27 25
internal_value=3.27785e-05 -0.0142529 0.00902086 0.0175177
internal_weight=40.0955 15.4845 24.611 17.2427
internal_count=148 63 85 58
is_linear=0
shrinkage=0.05


Tree=66
num_leaves=5
num_cat=0
split_feature=0 2 4 1
split_gain=5.61837 4.46161 4.23125 0.646911
threshold=1.0000000180025095e-35 1.5000000000000002 4.5000000000000009 1.5000000000000002
decision_type=2 2 2 2
left_child=-1 2 -2 -3
right_child=1 3 -4 -5
leaf_value=-0.043778216548076301 0.016803411607139451 0.020147164640173854 -0.035696406702805106 0.043045063421006523
leaf_weight=5.8293287232518187 8.2020351588726026 5.7131737470626831 7.2129995226860055 6.7041544020175934
leaf_count=38 33 21 34 22
internal_value=0.000856505 0.010205 -0.00776229 0.0325098
internal_weight=33.6617 27.8324 15.415 12.4173
internal_count=148 110 67 43
is_linear=0
shrinkage=0.05


Tree=67
num_leaves=5
num_cat=0
split_feature=0 0 1 4
split_gain=19.1396 0.000320256 0.000228425 4.57818e-05
threshold=2.5000000000000004 1.0000000180025095e-35 1.5000000000000002 3.5000000000000004
decision_type=2 2 2 2
left_child=1 -1 3 -3
right_child=-2 2 -4 -5
leaf_value=-0.041025479692723549 0.049307799959092735 -0.041921957124752274 -0.041247843978842277 -0.04163383203449058
leaf_weight=3.9565621614456186 10.50647833943367 2.5056295916438085 3.4967579767107964 3.0654409229755402
leaf_count=38 32 20 32 26
internal_value=-0.000899635 -0.0414008 -0.0415646 -0.0417634
internal_weight=23.5309 13.0244 9.06783 5.57107
internal_count=148 116 78 46
is_linear=0
shrinkage=0.05


Tree=68
num_leaves=6
num_cat=0
split_feature=1 1 2 0 0
split_gain=9.36335 3.44789 3.31729 1.05477 0.0453266
threshold=1.0000000180025095e-35 1.5000000000000002 1.0000000180025095e-35 1.0000000180025095e-35 1.5000000000000002
decision_type=2 2 2 2 2
left_child=-1 2 -2 -4 -3
right_child=1 4 3 -5 -6
leaf_value=0.043689557193370844 0.034006782183357849 -0.049223654461417431 -0.0031716431795725123 -0.041719177434611288 -0.041058976079038433
leaf_weight=8.3042288720607775 3.9899010509252566 4.8832653611898413 3.4557439386844635 3.6479548513889313 2.6075616329908371
leaf_count=32 18 29 11 31 27
internal_value=-0.00044979 -0.0201729 -0.00247587 -0.0229669 -0.0463815
internal_weight=26.8887 18.5844 11.0936 7.1037 7.49083
internal_count=148 116 60 42 56
is_linear=0
shrinkage=0.05


Tree=69
num_leaves=5
num_cat=0
split_feature=3 1 1 0
split_gain=1.87454 1.73311 1.5894 0.535867
threshold=1.0000000180025095e-35 1.5000000000000002 1.0000000180025095e-35 1.5000000000000002
decision_type=2 2 2 2
left_child=1 -1 -2 -4
right_child=2 -3 3 -5
leaf_value=0.0001515693887028476 -0.011297750777650774 -0.034158830606476294 0.023694520879081388 0.0056259626082237136
leaf_weight=9.130839601159094 7.0998266041278866 6.1660734862089148 10.724201649427416 6.6467283815145484
leaf_count=35 25 28 33 27
internal_value=5.14259e-05 -0.0136787 0.00863426 0.0167809
internal_weight=39.7677 15.2969 24.4708 17.3709
internal_count=148 63 85 60
is_linear=0
shrinkage=0.05


Tree=70
num_leaves=5
num_cat=0
split_feature=1 3 2 0
split_gain=5.29945 3.58327 0.908825 0.128951
threshold=1.5000000000000002 1.0000000180025095e-35 1.5000000000000002 1.5000000000000002
decision_type=2 2 2 2
left_child=1 -1 -2 -3
right_child=2 3 -4 -5
leaf_value=0.0048060476789874018 0.011220239619108769 -0.044218904424274202 0.036073281130407663 -0.032233944181320889
leaf_weight=9.3872896134853363 7.603361636400221 5.2788160443305969 7.1257945448160172 3.9043098092079163
leaf_count=35 32 35 24 22
internal_value=0.000846958 -0.0169172 0.0232439 -0.0391234
internal_weight=33.2996 18.5704 14.7292 9.18313
internal_count=148 92 56 57
is_linear=0
shrinkage=0.05


Tree=71
num_leaves=5
num_cat=0
split_feature=0 0 1 0
split_gain=18.0475 0.000298735 0.000192394 4.26297e-05
threshold=2.5000000000000004 1.0000000180025095e-35 1.5000000000000002 1.5000000000000002
decision_type=2 2 2 2
left_child=1 -1 3 -3
right_child=-2 2 -4 -5
leaf_value=-0.040857263616556075 0.047764611039366814 -0.041705180861059676 -0.041092291447488778 -0.041422633433786341
leaf_weight=3.7984995245933542 10.441796630620956 2.8809530362486822 3.3706557527184486 2.4877120777964592
leaf_count=38 32 24 32 22
internal_value=-0.000790012 -0.0412275 -0.0413884 -0.0415743
internal_weight=22.9796 12.5378 8.73932 5.36867
internal_count=148 116 78 46
is_linear=0
shrinkage=0.05


Tree=72
num_leaves=6
num_cat=0
split_feature=1 1 2 0 0
split_gain=8.44086 3.33051 3.07182 1.03998 0.0400169
threshold=1.0000000180025095e-35 1.5000000000000002 1.0000000180025095e-35 1.0000000180025095e-35 1.5000000000000002
decision_type=2 2 2 2 2
left_child=-1 2 -2 -4 -3
right_child=1 4 3 -5 -6
leaf_value=0.041012675297338416 0.032366768546320826 -0.048727275608142273 -0.0029119048998595774 -0.041548170437521376 -0.040881927261973573
leaf_weight=8.3899645954370516 4.0428775846958178 4.7271514609456053 3.4492724537849426 3.5182268619537354 2.4771412760019302
leaf_count=32 18 29 11 31 27
internal_value=-0.000484186 -0.0195983 -0.00230373 -0.0224212 -0.0460297
internal_weight=26.6046 18.2147 11.0104 6.9675 7.20429
internal_count=148 116 60 42 56
is_linear=0
shrinkage=0.05


Tree=73
num_leaves=6
num_cat=0
split_feature=2 2 4 4 1
split_gain=1.7578 1.63364 3.51806 1.49351 1.15677
threshold=1.5000000000000002 1.0000000180025095e-35 4.5000000000000009 4.5000000000000009 1.5000000000000002
decision_type=2 2 2 2 2
left_child=1 3 -3 -1 -2
right_child=4 2 -4 -5 -6
leaf_value=0.012462259155418019 -0.0033264833426757431 -0.0088171649782103727 0.042335230707892982 -0.022427386366219829 -0.033552406518052448
leaf_weight=5.9304869920015335 8.4885468780994398 6.0573780685663223 7.5521355122327805 6.3531992882490158 5.0476657822728148
leaf_count=22 31 22 27 22 24
internal_value=3.44322e-06 0.00763653 0.0195681 -0.00558288 -0.0145978
internal_weight=39.4294 25.8932 13.6095 12.2837 13.5362
internal_count=148 93 49 44 55
is_linear=0
shrinkage=0.05


Tree=74
num_leaves=5
num_cat=0
split_feature=0 2 4 1
split_gain=5.18316 3.96352 3.89723 0.508816
threshold=1.0000000180025095e-35 1.5000000000000002 4.5000000000000009 1.5000000000000002
decision_type=2 2 2 2
left_child=-1 2 -2 -3
right_child=1 3 -4 -5
leaf_value=-0.043468377907715849 0.01597835865967968 0.019711815919839337 -0.034964433872477947 0.040066713158388167
leaf_weight=5.4994136542081824 8.1579417586326581 5.6828381270170212 6.9550436586141595 6.6779772937297821
leaf_count=38 33 21 34 22
internal_value=0.00084021 0.00970943 -0.00746568 0.0307086
internal_weight=32.9732 27.4738 15.113 12.3608
internal_count=148 110 67 43
is_linear=0
shrinkage=0.05


Tree=75
num_leaves=5
num_cat=0
split_feature=0 0 1 4
split_gain=17.0727 0.000289386 0.000176256 4.25195e-05
threshold=2.5000000000000004 1.0000000180025095e-35 1.5000000000000002 3.5000000000000004
decision_type=2 2 2 2
left_child=1 -1 3 -3
right_child=-2 2 -4 -5
leaf_value=-0.040695819394613697 0.046390461335514679 -0.041567561777232698 -0.040940041094943536 -0.041279970434957458
leaf_weight=3.643451653420926 10.370896875858307 2.3426778838038427 3.24577796459198 2.8472492024302483
leaf_count=38 32 20 32 26
internal_value=-0.000666306 -0.0410682 -0.041229 -0.0414098
internal_weight=22.4501 12.0792 8.43571 5.18993
internal_count=148 116 78 46
is_linear=0
shrinkage=0.05


Tree=76
num_leaves=6
num_cat=0
split_feature=0 4 0 2 4
split_gain=8.00616 1.9604 4.09487 0.013363 8.74859e-05
threshold=1.0000000180025095e-35 4.5000000000000009 1.5000000000000002 1.0000000180025095e-35 1.5000000000000002
decision_type=2 2 2 2 2
left_child=-1 3 -3 -2 -5
right_child=1 2 -4 4 -6
leaf_value=0.029209639567765261 -0.045973573088915025 0.03685920144273571 -0.042462047307336021 -0.041879915924283397 -0.041446093932386935
leaf_weight=12.133697688579561 2.9570889174938184 3.0073262825608253 3.5449943616986275 2.5037636607885361 2.1687734425067902
leaf_count=38 16 19 33 22 20
internal_value=-0.000606167 -0.0261158 -0.00605588 -0.0433432 -0.0416786
internal_weight=26.3156 14.1819 6.55232 7.62963 4.67254
internal_count=148 110 52 58 42
is_linear=0
shrinkage=0.05


Tree=77
num_leaves=5
num_cat=0
split_feature=3 1 2 0
split_gain=1.63589 1.57813 1.35108 2.091
threshold=1.0000000180025095e-35 1.5000000000000002 1.5000000000000002 1.5000000000000002
decision_type=2 2 2 2
left_child=1 -1 3 -2
right_child=2 -3 -4 -5
leaf_value=0.00012131061252626926 0.0015704985117893642 -0.033033418189314247 -0.010096322643669279 0.037546950631937553
leaf_weight=9.0846415609121305 10.232394665479665 5.9332352876663199 7.1972296237945548 6.6725835204124442
leaf_count=35 33 28 27 25
internal_value=-2.43713e-05 -0.0129774 0.00804655 0.0157708
internal_weight=39.1201 15.0179 24.1022 16.905
internal_count=148 63 85 58
is_linear=0
shrinkage=0.05


Tree=78
num_leaves=5
num_cat=0
split_feature=0 1 3 0
split_gain=4.92462 3.73596 3.5638 1.5264
threshold=1.0000000180025095e-35 1.5000000000000002 1.0000000180025095e-35 1.5000000000000002
decision_type=2 2 2 2
left_child=-1 2 -2 -3
right_child=1 3 -4 -5
leaf_value=-0.043246360065581135 0.013562742280431989 0.046410994255491597 -0.037311794119146473 0.012472875024570578
leaf_weight=5.304967299103736 7.8902193605899811 6.2327384501695633 6.1064363792538643 7.0725781917572021
leaf_count=38 27 22 34 27
internal_value=0.000835201 0.00940056 -0.00863271 0.0283708
internal_weight=32.6069 27.302 13.9967 13.3053
internal_count=148 110 61 49
is_linear=0
shrinkage=0.05


Tree=79
num_leaves=5
num_cat=0
split_feature=0 0 1 4
split_gain=16.2083 0.0002506 0.000150721 3.46584e-05
threshold=2.5000000000000004 1.0000000180025095e-35 1.5000000000000002 3.5000000000000004
decision_type=2 2 2 2
left_child=1 -1 3 -3
right_child=-2 2 -4 -5
leaf_value=-0.04055996849007007 0.045207010647632606 -0.041380993097420951 -0.040793151474771416 -0.041116481617688383
leaf_weight=3.5084722563624391 10.300701916217804 2.2561675533652288 3.1243345513939857 2.7452437505125999
leaf_count=38 32 20 32 26
internal_value=-0.000470859 -0.0409131 -0.0410656 -0.0412358
internal_weight=21.9349 11.6342 8.12575 5.00141
internal_count=148 116 78 46
is_linear=0
shrinkage=0.05


Tree=80
num_leaves=5
num_cat=0
split_feature=1 0 2 4
split_gain=7.66754 9.16395 4.0889 0.0117252
threshold=1.5000000000000002 1.5000000000000002 1.0000000180025095e-35 3.5000000000000004
decision_type=2 2 2 2
left_child=1 2 -1 -2
right_child=3 -3 -4 -5
leaf_value=0.067852532701239199 -0.04878438927437246 -0.043521846550416909 0.013415308924498884 -0.04455448657431188
leaf_weight=5.8518902957439485 2.7372724860906592 4.8963512405753127 8.402453199028967 4.0807497911155224
leaf_count=20 19 37 35 37
internal_value=-0.000718674 0.0154923 0.0357636 -0.0462527
internal_weight=25.9687 19.1507 14.2543 6.81802
internal_count=148 92 55 56
is_linear=0
shrinkage=0.05


Tree=81
num_leaves=5
num_cat=0
split_feature=3 0 1 0
split_gain=1.45198 1.59939 1.27302 0.481472
threshold=1.0000000180025095e-35 1.5000000000000002 1.0000000180025095e-35 1.5000000000000002
decision_type=2 2 2 2
left_child=1 -1 -2 -4
right_child=2 -3 3 -5
leaf_value=0.00051344070459052556 -0.010392584813357583 -0.033383297726970483 0.021502216786424944 0.0041229984980721635
leaf_weight=9.2311934232711774 6.9470105469226864 5.5857267305254927 10.660472154617311 6.3644210845232001
leaf_count=34 25 29 33 27
internal_value=3.96139e-05 -0.0122651 0.00764507 0.0150053
internal_weight=38.7888 14.8169 23.9719 17.0249
internal_count=148 63 85 60
is_linear=0
shrinkage=0.05


Tree=82
num_leaves=5
num_cat=0
split_feature=0 2 4 1
split_gain=4.64751 3.54758 3.54955 0.431961
threshold=1.0000000180025095e-35 1.5000000000000002 4.5000000000000009 1.5000000000000002
decision_type=2 2 2 2
left_child=-1 2 -2 -3
right_child=1 3 -4 -5
leaf_value=-0.042968879192162343 0.014864422409839732 0.018824730699247161 -0.034283116320129273 0.037642080862625799
leaf_weight=5.098750762641429 8.1120937764644605 5.6668797135353088 6.7146246135234842 6.603731781244278
leaf_count=38 33 21 34 22
internal_value=0.000824679 0.00906506 -0.00739318 0.0289518
internal_weight=32.1961 27.0973 14.8267 12.2706
internal_count=148 110 67 43
is_linear=0
shrinkage=0.05


Tree=83
num_leaves=5
num_cat=0
split_feature=0 0 1 4
split_gain=15.2413 0.000226826 0.000154981 4.02794e-05
threshold=2.5000000000000004 1.0000000180025095e-35 1.5000000000000002 3.5000000000000004
decision_type=2 2 2 2
left_child=1 -1 3 -3
right_child=-2 2 -4 -5
leaf_value=-0.040418079775994292 0.043738304312695327 -0.041242646779348871 -0.040625837596895531 -0.040952550845073238
leaf_weight=3.368055671453476 10.206870764493942 2.1886057034134865 2.9870870187878609 2.6398605778813362
leaf_count=38 32 20 32 26
internal_value=-0.000440614 -0.0407611 -0.0409089 -0.041084
internal_weight=21.3905 11.1836 7.81555 4.82847
internal_count=148 116 78 46
is_linear=0
shrinkage=0.05


Tree=84
num_leaves=5
num_cat=0
split_feature=1 0 2 4
split_gain=7.21673 8.4801 3.68404 0.010434
threshold=1.5000000000000002 1.5000000000000002 1.0000000180025095e-35 3.5000000000000004
decision_type=2 2 2 2
left_child=1 2 -1 -2
right_child=3 -3 -4 -5
leaf_value=0.064231932362513344 -0.048449780616788979 -0.043301006926722667 0.012703771634222625 -0.044384878592543649
leaf_weight=5.9024097770452562 2.6436098814010611 4.7251350730657569 8.4129363074898702 3.9188762418925762
leaf_count=20 19 37 35 37
internal_value=-0.000805573 0.0147788 0.0339495 -0.0460224
internal_weight=25.603 19.0405 14.3153 6.56249
internal_count=148 92 55 56
is_linear=0
shrinkage=0.05


Tree=85
num_leaves=6
num_cat=0
split_feature=2 2 4 4 1
split_gain=1.37586 1.43583 3.12372 1.38696 0.999138
threshold=1.5000000000000002 1.0000000180025095e-35 4.5000000000000009 4.5000000000000009 1.5000000000000002
decision_type=2 2 2 2 2
left_child=1 3 -3 -1 -2
right_child=4 2 -4 -5 -6
leaf_value=0.011809194731737983 -0.0027289625537258648 -0.0088029328255933258 0.039956148232315997 -0.022094454498831101 -0.03150127223370796
leaf_weight=5.8596948534250259 8.3426854610443097 5.9369116351008415 7.3529457896947861 6.2171331495046616 4.7268207147717467
leaf_count=22 31 22 27 22 24
internal_value=4.42169e-05 0.00683445 0.0181742 -0.00564435 -0.013135
internal_weight=38.4362 25.3667 13.2899 12.0768 13.0695
internal_count=148 93 49 44 55
is_linear=0
shrinkage=0.05


Tree=86
num_leaves=5
num_cat=0
split_feature=0 1 3 0
split_gain=4.39827 3.39329 3.2769 1.26285
threshold=1.0000000180025095e-35 1.5000000000000002 1.0000000180025095e-35 1.5000000000000002
decision_type=2 2 2 2
left_child=-1 2 -2 -3
right_child=1 3 -4 -5
leaf_value=-0.042736689076933579 0.012520353660467214 0.043353344738414554 -0.036789166874945461 0.01234558113618923
leaf_weight=4.895209193229678 7.8729413896799088 6.193098857998848 5.8900038003921509 6.9894578754901886
leaf_count=38 27 22 34 27
internal_value=0.00086239 0.00878307 -0.0085822 0.0269129
internal_weight=31.8407 26.9455 13.7629 13.1826
internal_count=148 110 61 49
is_linear=0
shrinkage=0.05


Tree=87
num_leaves=5
num_cat=0
split_feature=0 0 1 4
split_gain=14.36 0.000209582 0.000138411 2.92548e-05
threshold=2.5000000000000004 1.0000000180025095e-35 1.5000000000000002 3.5000000000000004
decision_type=2 2 2 2
left_child=1 -1 3 -3
right_child=-2 2 -4 -5
leaf_value=-0.04028088141584088 0.042410678157322884 -0.041068851160756537 -0.04048940355346009 -0.040817031362499478
leaf_weight=3.2271909937262535 10.097663998603821 2.1046890392899513 2.8699891641736031 2.5515561029314995
leaf_count=38 32 20 32 26
internal_value=-0.000409263 -0.040618 -0.0407625 -0.0409309
internal_weight=20.8511 10.7534 7.52623 4.65625
internal_count=148 116 78 46
is_linear=0
shrinkage=0.05


Tree=88
num_leaves=6
num_cat=0
split_feature=1 1 2 0 4
split_gain=6.86082 2.88539 2.55204 0.857613 0.00939475
threshold=1.0000000180025095e-35 1.5000000000000002 1.0000000180025095e-35 1.0000000180025095e-35 3.5000000000000004
decision_type=2 2 2 2 2
left_child=-1 2 -2 -4 -3
right_child=1 4 3 -5 -6
leaf_value=0.036623987817800178 0.027934044591760233 -0.048209320625656749 -0.0052363992321599398 -0.041193981485822623 -0.04427725118488117
leaf_weight=8.2081031054258364 4.0712478980422038 2.5525352992117396 3.4878619611263275 3.1611942388117313 3.7520327717065811
leaf_count=32 18 19 11 31 37
internal_value=-0.000924656 -0.0190278 -0.00324241 -0.0223319 -0.0458692
internal_weight=25.233 17.0249 10.7203 6.64906 6.30457
internal_count=148 116 60 42 56
is_linear=0
shrinkage=0.05


Tree=89
num_leaves=6
num_cat=0
split_feature=2 2 4 4 1
split_gain=1.27828 1.28818 2.9099 1.26671 0.921875
threshold=1.5000000000000002 1.0000000180025095e-35 4.5000000000000009 4.5000000000000009 1.5000000000000002
decision_type=2 2 2 2 2
left_child=1 3 -3 -1 -2
right_child=4 2 -4 -5 -6
leaf_value=0.011449054202177558 -0.0027467728762283102 -0.0087114532961225771 0.038510342984759 -0.021084812388297174 -0.030622049617608546
leaf_weight=5.8374669253826141 8.3096472173929197 5.8950110673904419 7.3050892949104309 6.1376607865095139 4.6123280823230735
leaf_count=22 31 22 27 22 24
internal_value=8.72971e-05 0.00664897 0.0174216 -0.00522566 -0.0126965
internal_weight=38.0972 25.1752 13.2001 11.9751 12.922
internal_count=148 93 49 44 55
is_linear=0
shrinkage=0.05


Tree=90
num_leaves=5
num_cat=0
split_feature=0 2 4 1
split_gain=4.17297 3.25757 3.25941 0.366133
threshold=1.0000000180025095e-35 1.5000000000000002 4.5000000000000009 1.5000000000000002
decision_type=2 2 2 2
left_child=-1 2 -2 -3
right_child=1 3 -4 -5
leaf_value=-0.042540784337174085 0.013807302244950075 0.018326039304176287 -0.033738750013788309 0.035740615960821086
leaf_weight=4.7046796754002598 8.082757428288458 5.6284175217151642 6.5058681964874276 6.5083209574222565
leaf_count=38 33 21 34 22
internal_value=0.000881909 0.00852595 -0.00739609 0.0276646
internal_weight=31.43 26.7254 14.5886 12.1367
internal_count=148 110 67 43
is_linear=0
shrinkage=0.05


Tree=91
num_leaves=5
num_cat=0
split_feature=0 0 1 4
split_gain=13.5212 0.00018337 0.000142175 2.95545e-05
threshold=2.5000000000000004 1.0000000180025095e-35 1.5000000000000002 3.5000000000000004
decision_type=2 2 2 2
left_child=1 -1 3 -3
right_child=-2 2 -4 -5
leaf_value=-0.040158546382947607 0.041099311975527103 -0.040932190564076994 -0.040334450840009285 -0.040674687741109605
leaf_weight=3.0958051905035973 9.9895217418670654 2.0373126715421677 2.7401127144694328 2.4594954773783684
leaf_count=38 32 20 32 26
internal_value=-0.000379505 -0.0404806 -0.0406184 -0.0407914
internal_weight=20.3222 10.3327 7.23692 4.49681
internal_count=148 116 78 46
is_linear=0
shrinkage=0.05


Tree=92
num_leaves=5
num_cat=0
split_feature=1 0 1 4
split_gain=6.42406 7.66738 3.06277 0.00830375
threshold=1.5000000000000002 1.5000000000000002 1.0000000180025095e-35 3.5000000000000004
decision_type=2 2 2 2
left_child=1 2 -1 -2
right_child=3 -3 -4 -5
leaf_value=0.056904990848357109 -0.047971713678328816 -0.043277792438193789 0.010411372090546451 -0.04420967801656514
leaf_weight=6.4375300705432945 2.4722594879567614 4.5358512736856929 7.8755974918603897 3.6065665371716022
leaf_count=21 19 37 34 37
internal_value=-0.00104389 0.0133706 0.0313225 -0.0457397
internal_weight=24.9278 18.849 14.3131 6.07883
internal_count=148 92 55 56
is_linear=0
shrinkage=0.05


Tree=93
num_leaves=5
num_cat=0
split_feature=3 0 2 0
split_gain=1.19795 1.57682 1.05752 1.79222
threshold=1.0000000180025095e-35 1.5000000000000002 1.5000000000000002 1.5000000000000002
decision_type=2 2 2 2
left_child=1 -1 3 -2
right_child=2 -3 -4 -5
leaf_value=0.0013955386523844817 0.00080857940786939551 -0.032854027823828368 -0.0092027693606721427 0.034758100208650965
leaf_weight=9.089558541774748 9.9879004657268577 5.3318524882197371 6.9992857575416556 6.3646554946899405
leaf_count=34 33 29 27 25
internal_value=6.34982e-05 -0.0112671 0.00706096 0.0140222
internal_weight=37.7733 14.4214 23.3518 16.3526
internal_count=148 63 85 58
is_linear=0
shrinkage=0.05


Tree=94
num_leaves=5
num_cat=0
split_feature=0 1 3 0
split_gain=3.97397 3.02524 3.10985 1.02117
threshold=1.0000000180025095e-35 1.5000000000000002 1.0000000180025095e-35 1.5000000000000002
decision_type=2 2 2 2
left_child=-1 2 -2 -3
right_child=1 3 -4 -5
leaf_value=-0.042377380182955636 0.012208049053626227 0.040377125182132212 -0.03634651456835139 0.012297202388396027
leaf_weight=4.5348421111702946 7.812950924038887 6.1099192351102829 5.7063516899943352 6.8877194672822952
leaf_count=38 27 22 34 27
internal_value=0.000875983 0.00827303 -0.00828631 0.025497
internal_weight=31.0518 26.5169 13.5193 12.9976
internal_count=148 110 61 49
is_linear=0
shrinkage=0.05


Tree=95
num_leaves=5
num_cat=0
split_feature=0 0 1 4
split_gain=12.8678 0.0001561 0.000121741 2.46605e-05
threshold=2.5000000000000004 1.0000000180025095e-35 1.5000000000000002 3.5000000000000004
decision_type=2 2 2 2
left_child=1 -1 3 -3
right_child=-2 2 -4 -5
leaf_value=-0.040052254278816896 0.040171619830867908 -0.040778894007941512 -0.04021669001073791 -0.040539199737131347
leaf_weight=2.9789580404758453 9.9001200199127197 1.9614081233739851 2.6340954080224037 2.369278185069561
leaf_count=38 32 20 32 26
internal_value=-0.000180278 -0.0403552 -0.0404847 -0.0406478
internal_weight=19.8439 9.94374 6.96478 4.33069
internal_count=148 116 78 46
is_linear=0
shrinkage=0.05


Tree=96
num_leaves=5
num_cat=0
split_feature=1 0 2 4
split_gain=6.06115 7.04538 3.02382 0.00756809
threshold=1.5000000000000002 1.5000000000000002 1.0000000180025095e-35 3.5000000000000004
decision_type=2 2 2 2
left_child=1 2 -1 -2
right_child=3 -3 -4 -5
leaf_value=0.056965911950099847 -0.047749735979449363 -0.042987302844195614 0.010335161345376447 -0.044088884973999071
leaf_weight=5.943555146455771 2.3853618130087844 4.3468819037079802 8.3759068176150304 3.4588922113180161
leaf_count=20 19 37 35 37
internal_value=-0.00114699 0.0127655 0.0296901 -0.0455831
internal_weight=24.5106 18.6663 14.3195 5.84425
internal_count=148 92 55 56
is_linear=0
shrinkage=0.05


Tree=97
num_leaves=5
num_cat=0
split_feature=3 0 2 0
split_gain=1.05835 1.50753 0.955007 1.58961
threshold=1.0000000180025095e-35 1.5000000000000002 1.5000000000000002 1.5000000000000002
decision_type=2 2 2 2
left_child=1 -1 3 -2
right_child=2 -3 -4 -5
leaf_value=0.0017114118482866787 0.00091766072345392594 -0.032076276398354635 -0.0088183800896821114 0.033064419274807813
leaf_weight=9.0515464395284635 9.9430487751960808 5.1967002749443045 6.9361611008644095 6.2708106935024253
leaf_count=34 33 29 27 25
internal_value=0.000109617 -0.0106118 0.00670839 0.0133506
internal_weight=37.3983 14.2482 23.15 16.2139
internal_count=148 63 85 58
is_linear=0
shrinkage=0.05


Tree=98
num_leaves=5
num_cat=0
split_feature=0 2 4 1
split_gain=3.77615 2.95062 3.02002 0.317266
threshold=1.0000000180025095e-35 1.5000000000000002 4.5000000000000009 1.5000000000000002
decision_type=2 2 2 2
left_child=-1 2 -2 -3
right_child=1 3 -4 -5
leaf_value=-0.042210363665314443 0.013063488701839824 0.017628831972010844 -0.033230539219785422 0.033928020151056539
leaf_weight=4.3588547781109837 8.0069854855537397 5.5970688760280609 6.2906409204006204 6.3989256322383881
leaf_count=38 33 21 34 22
internal_value=0.000891986 0.00803733 -0.00730486 0.0263232
internal_weight=30.6525 26.2936 14.2976 11.996
internal_count=148 110 67 43
is_linear=0
shrinkage=0.05


Tree=99
num_leaves=5
num_cat=0
split_feature=0 0 1 4
split_gain=12.1047 0.000135304 0.000119458 2.39907e-05
threshold=2.5000000000000004 1.0000000180025095e-35 1.5000000000000002 3.5000000000000004
decision_type=2 2 2 2
left_child=1 -1 3 -3
right_child=-2 2 -4 -5
leaf_value=-0.039940398784605001 0.038926766526143991 -0.040647057761246684 -0.040079317628321884 -0.04040626190290577
leaf_weight=2.8560999520123005 9.7779605686664581 1.8941238597035406 2.5151247307658195 2.2789337858557701
leaf_count=38 32 20 32 26
internal_value=-0.000172217 -0.0402285 -0.0403515 -0.0405156
internal_weight=19.3222 9.54428 6.68818 4.17306
internal_count=148 116 78 46
is_linear=0
shrinkage=0.05


Tree=100
num_leaves=5
num_cat=0
split_feature=1 0 1 4
split_gain=5.74683 6.46517 2.84655 0.00678485
threshold=1.5000000000000002 1.5000000000000002 1.0000000180025095e-35 3.5000000000000004
decision_type=2 2 2 2
left_child=1 2 -1 -2
right_child=3 -3 -4 -5
leaf_value=0.053055860074302325 -0.047524155937053558 -0.042692374640162518 0.0082235143141516209 -0.043997102066640183
leaf_weight=6.3677949607372337 2.3085255101323119 4.1564417257904998 7.9745602011680603 3.3307972028851509
leaf_count=21 19 37 34 37
internal_value=-0.00125431 0.0122159 0.0281284 -0.0454409
internal_weight=24.1381 18.4988 14.3424 5.63932
internal_count=148 92 55 56
is_linear=0
shrinkage=0.05


Tree=101
num_leaves=5
num_cat=0
split_feature=3 0 2 0
split_gain=0.950623 1.44106 0.852155 1.44128
threshold=1.0000000180025095e-35 1.5000000000000002 1.5000000000000002 1.5000000000000002
decision_type=2 2 2 2
left_child=1 -1 3 -2
right_child=2 -3 -4 -5
leaf_value=0.0018654153162768014 0.00085742101105701579 -0.031458695889542941 -0.008312740400411113 0.031652602786295357
leaf_weight=9.0235931128263456 9.8804929703474098 5.0652325749397269 6.8987078741192809 6.1733844131231299
leaf_count=34 33 29 27 25
internal_value=0.000108403 -0.0101153 0.00638395 0.0126995
internal_weight=37.0414 14.0888 22.9526 16.0539
internal_count=148 63 85 58
is_linear=0
shrinkage=0.05


Tree=102
num_leaves=5
num_cat=0
split_feature=0 1 3 0
split_gain=3.59966 2.75446 2.82668 0.828458
threshold=1.0000000180025095e-35 1.5000000000000002 1.0000000180025095e-35 1.5000000000000002
decision_type=2 2 2 2
left_child=-1 2 -2 -3
right_child=1 3 -4 -5
leaf_value=-0.042052519453503724 0.01118929264141494 0.037768044206579837 -0.035722900286463612 0.012327572425507693
leaf_weight=4.1980347335338619 7.7853188961744308 6.0611220300197601 5.4651033133268356 6.7793599814176559
leaf_count=38 27 22 34 27
internal_value=0.000918973 0.0078331 -0.00815952 0.0243363
internal_weight=30.2889 26.0909 13.2504 12.8405
internal_count=148 110 61 49
is_linear=0
shrinkage=0.05


Tree=103
num_leaves=5
num_cat=0
split_feature=0 0 1 4
split_gain=11.457 0.000112768 9.80156e-05 1.98235e-05
threshold=2.5000000000000004 1.0000000180025095e-35 1.5000000000000002 3.5000000000000004
decision_type=2 2 2 2
left_child=1 -1 3 -3
right_child=-2 2 -4 -5
leaf_value=-0.03984379715118129 0.037914022619418446 -0.040500342758342495 -0.039975203510828491 -0.040276945570681323
leaf_weight=2.7463698610663414 9.6608595848083496 1.8180387094616888 2.4179700836539268 2.188336968421936
leaf_count=38 32 20 32 26
internal_value=-8.3547e-05 -0.040112 -0.0402266 -0.0403783
internal_weight=18.8316 9.17072 6.42435 4.00638
internal_count=148 116 78 46
is_linear=0
shrinkage=0.05


Tree=104
num_leaves=6
num_cat=0
split_feature=1 0 2 0 0
split_gain=5.42841 5.95804 2.79644 0.0985685 0.000282166
threshold=1.5000000000000002 1.5000000000000002 1.0000000180025095e-35 1.0000000180025095e-35 1.5000000000000002
decision_type=2 2 2 2 2
left_child=1 2 -1 -2 -5
right_child=3 -3 -4 4 -6
leaf_value=0.053004345010140508 -0.054331313975545859 -0.042437691923138281 0.0081432831652515185 -0.040681347324591138 -0.039778817323567667
leaf_weight=5.9252845942974153 1.9380646497011174 3.9821286611258975 8.3963179737329465 1.87958000600338 1.6059313528239725
leaf_count=20 7 37 35 22 27
internal_value=-0.00135694 0.0116614 0.0267037 -0.0452918 -0.0402655
internal_weight=23.7273 18.3037 14.3216 5.42358 3.48551
internal_count=148 92 55 56 49
is_linear=0
shrinkage=0.05


Tree=105
num_leaves=6
num_cat=0
split_feature=2 2 4 4 4
split_gain=0.846335 1.1562 2.71606 1.15758 0.305829
threshold=1.5000000000000002 1.0000000180025095e-35 4.5000000000000009 4.5000000000000009 4.5000000000000009
decision_type=2 2 2 2 2
left_child=1 3 -3 -1 -2
right_child=4 2 -4 -5 -6
leaf_value=0.010222953764402637 -0.0045142567380051842 -0.0095183646287287302 0.036982125192484415 -0.021317520983710102 -0.020836731372324301
leaf_weight=5.7198917642235756 7.8085466250777227 5.7211911380290985 6.9610167369246483 5.919875904917717 4.5372904911637306
leaf_count=22 32 22 27 22 23
internal_value=0.000148954 0.00556098 0.0160048 -0.00581823 -0.010513
internal_weight=36.6678 24.322 12.6822 11.6398 12.3458
internal_count=148 93 49 44 55
is_linear=0
shrinkage=0.05


Tree=106
num_leaves=5
num_cat=0
split_feature=0 2 4 1
split_gain=3.42583 2.7144 2.83768 0.290474
threshold=1.0000000180025095e-35 1.5000000000000002 4.5000000000000009 1.5000000000000002
decision_type=2 2 2 2
left_child=-1 2 -2 -3
right_child=1 3 -4 -5
leaf_value=-0.041908214083554787 0.012473223998648831 0.016908185566057683 -0.032921169508995853 0.032591262210137424
leaf_weight=4.036079682409766 7.9110763594508171 5.5644422620534897 6.0951526314020157 6.2897844016551971
leaf_count=38 33 21 34 22
internal_value=0.000934851 0.00762143 -0.00728126 0.0252295
internal_weight=29.8965 25.8605 14.0062 11.8542
internal_count=148 110 67 43
is_linear=0
shrinkage=0.05


Tree=107
num_leaves=5
num_cat=0
split_feature=0 0 1 4
split_gain=10.7976 9.57998e-05 9.57446e-05 1.91878e-05
threshold=2.5000000000000004 1.0000000180025095e-35 1.5000000000000002 3.5000000000000004
decision_type=2 2 2 2
left_child=1 -1 3 -3
right_child=-2 2 -4 -5
leaf_value=-0.039746861426345571 0.036799344023030624 -0.040381502490563541 -0.039852360157600762 -0.040157616469592955
leaf_weight=2.6339332684874535 9.5343702435493469 1.7551824524998667 2.3084546476602554 2.104406476020813
leaf_count=38 32 20 32 26
internal_value=-6.62198e-05 -0.0399993 -0.0401071 -0.0402594
internal_weight=18.3363 8.80198 6.16804 3.85959
internal_count=148 116 78 46
is_linear=0
shrinkage=0.05


Tree=108
num_leaves=6
num_cat=0
split_feature=1 0 4 0 0
split_gain=5.13384 5.07943 3.2555 0.089329 0.000254587
threshold=1.5000000000000002 1.0000000180025095e-35 4.5000000000000009 1.0000000180025095e-35 1.5000000000000002
decision_type=2 2 2 2 2
left_child=1 -1 -3 -2 -5
right_child=3 2 -4 4 -6
leaf_value=0.035766967039131868 -0.053748352534116944 -0.044061836609873659 0.018763496817930686 -0.04057410065576899 -0.039696855786374302
leaf_weight=9.7010722458362633 1.904188498854636 4.8387851975858194 3.5932012982666492 1.806289326399565 1.5255848355591295
leaf_count=31 7 39 22 22 27
internal_value=-0.00149784 0.0110954 -0.0172895 -0.0451096 -0.0401724
internal_weight=23.3691 18.1331 8.43199 5.23606 3.33187
internal_count=148 92 61 56 49
is_linear=0
shrinkage=0.05


Tree=109
num_leaves=5
num_cat=0
split_feature=3 0 1 0
split_gain=0.81148 1.40188 0.71999 0.50263
threshold=1.0000000180025095e-35 1.5000000000000002 1.0000000180025095e-35 1.5000000000000002
decision_type=2 2 2 2
left_child=1 -1 -2 -4
right_child=2 -3 3 -5
leaf_value=0.0023905015617591446 -0.0081353495231323066 -0.030887675452803416 0.018159209827771656 -0.00038340756864388258
leaf_weight=8.9403676688671094 6.4325193762779262 4.8987342044711104 10.429957434535028 5.6260003522038451
leaf_count=34 25 29 33 27
internal_value=0.000136904 -0.00938923 0.00599916 0.0116619
internal_weight=36.3276 13.8391 22.4885 16.056
internal_count=148 63 85 60
is_linear=0
shrinkage=0.05


Tree=110
num_leaves=5
num_cat=0
split_feature=0 1 3 0
split_gain=3.27229 2.52191 2.62992 0.673487
threshold=1.0000000180025095e-35 1.5000000000000002 1.0000000180025095e-35 1.5000000000000002
decision_type=2 2 2 2
left_child=-1 2 -2 -3
right_child=1 3 -4 -5
leaf_value=-0.041786417546622032 0.010560962983088507 0.035535729524881592 -0.035232906684472244 0.012425170708587138
leaf_weight=3.8850707411766079 7.7329007536172867 5.9793687462806702 5.2731781378388405 6.6679320186376572
leaf_count=38 27 22 34 27
internal_value=0.000977225 0.00745356 -0.00800568 0.0233513
internal_weight=29.5385 25.6534 13.0061 12.6473
internal_count=148 110 61 49
is_linear=0
shrinkage=0.05


Tree=111
num_leaves=5
num_cat=0
split_feature=0 0 1 4
split_gain=10.262 7.9095e-05 8.34315e-05 1.58686e-05
threshold=2.5000000000000004 1.0000000180025095e-35 1.5000000000000002 3.5000000000000004
decision_type=2 2 2 2
left_child=1 -1 3 -3
right_child=-2 2 -4 -5
leaf_value=-0.039664716383916804 0.035957343530793294 -0.04025649087360126 -0.03975560084053309 -0.040049010920777443
leaf_weight=2.5313427895307541 9.4228099584579468 1.6891751289367678 2.2143352590501308 2.0279541462659836
leaf_count=38 32 20 32 26
internal_value=6.50898e-05 -0.0398987 -0.0399986 -0.0401433
internal_weight=17.8856 8.46281 5.93146 3.71713
internal_count=148 116 78 46
is_linear=0
shrinkage=0.05


Tree=112
num_leaves=6
num_cat=0
split_feature=1 0 4 0 4
split_gain=4.83117 4.69954 3.10829 0.0792138 0.000203565
threshold=1.5000000000000002 1.0000000180025095e-35 4.5000000000000009 1.0000000180025095e-35 6.5000000000000009
decision_type=2 2 2 2 2
left_child=1 -1 -3 -2 -5
right_child=3 2 -4 4 -6
leaf_value=0.034356687657769135 -0.053030279337401121 -0.043864776130311985 0.017781346768684689 -0.039716960876606679 -0.040538009004624447
leaf_weight=9.6333633065223747 1.8629649430513371 4.6842984892427904 3.6288822442293167 1.9285599626600745 1.2405324466526506
leaf_count=31 7 39 22 31 18
internal_value=-0.00155178 0.0105882 -0.0169549 -0.0448482 -0.0400384
internal_weight=22.9786 17.9465 8.31318 5.03206 3.16909
internal_count=148 92 61 56 49
is_linear=0
shrinkage=0.05


Tree=113
num_leaves=6
num_cat=0
split_feature=2 2 4 4 4
split_gain=0.740283 1.03338 2.52575 1.04353 0.262643
threshold=1.5000000000000002 1.0000000180025095e-35 4.5000000000000009 4.5000000000000009 3.5000000000000004
decision_type=2 2 2 2 2
left_child=1 3 -3 -1 -2
right_child=4 2 -4 -5 -6
leaf_value=0.0097504189695226152 -0.0021148770234520288 -0.0094811264693391989 0.03574654198613092 -0.020444319064947938 -0.016868596094846935
leaf_weight=5.6496180817484856 5.7341663762927038 5.6413773447275162 6.8171898052096367 5.7980093508958817 6.3646653369069099
leaf_count=22 24 22 27 22 31
internal_value=0.000201753 0.00530215 0.015267 -0.00554265 -0.00987616
internal_weight=36.005 23.9062 12.4586 11.4476 12.0988
internal_count=148 93 49 44 55
is_linear=0
shrinkage=0.05


Tree=114
num_leaves=5
num_cat=0
split_feature=1 2 4 4
split_gain=2.74283 2.42286 2.54275 0.819194
threshold=1.0000000180025095e-35 1.5000000000000002 4.5000000000000009 4.5000000000000009
decision_type=2 2 2 2
left_child=-1 2 -2 -3
right_child=1 3 -4 -5
leaf_value=-0.03636547126665169 0.011598283016222441 0.01111766275833315 -0.032021803030259317 0.038067915695165544
leaf_weight=4.2135841622948673 7.8786333948373795 5.7205440774559975 5.8008127957582474 5.5604734718799591
leaf_count=32 35 24 36 21
internal_value=0.00094851 0.0072475 -0.00689895 0.0244016
internal_weight=29.174 24.9605 13.6794 11.281
internal_count=148 116 71 45
is_linear=0
shrinkage=0.05


Tree=115
num_leaves=5
num_cat=0
split_feature=0 0 1 4
split_gain=9.68203 7.39639e-05 9.01775e-05 1.66709e-05
threshold=2.5000000000000004 1.0000000180025095e-35 1.5000000000000002 3.5000000000000004
decision_type=2 2 2 2
left_child=1 -1 3 -3
right_child=-2 2 -4 -5
leaf_value=-0.039570296458794729 0.034915306740272566 -0.040169814838757298 -0.039640723576464934 -0.039953841600345402
leaf_weight=2.4176317527890205 9.2893296778202057 1.6419684216380122 2.1108963936567307 1.9601799696683881
leaf_count=38 32 20 32 26
internal_value=4.1426e-05 -0.0398021 -0.0399002 -0.0400523
internal_weight=17.42 8.13068 5.71304 3.60215
internal_count=148 116 78 46
is_linear=0
shrinkage=0.05


Tree=116
num_leaves=7
num_cat=0
split_feature=1 1 2 0 4 0
split_gain=4.60549 2.07881 2.19379 0.0689627 0.0176271 0.000176261
threshold=1.0000000180025095e-35 1.5000000000000002 1.0000000180025095e-35 1.0000000180025095e-35 3.5000000000000004 1.5000000000000002
decision_type=2 2 2 2 2 2
left_child=-1 2 -2 -3 -4 -5
right_child=1 3 4 5 -6 -7
leaf_value=0.030233353150525135 0.024333539851107602 -0.052273159771599298 -0.020418838777738042 -0.040305787533215398 -0.025739646956654094 -0.039540117070085395
leaf_weight=7.5490490421652821 3.9543364122509939 1.8186824619770039 2.9253710135817528 1.64828522130847 3.3266024813055992 1.3817434348165987
leaf_count=32 18 7 22 22 20 27
internal_value=-0.00163865 -0.0176203 -0.0048142 -0.0445764 -0.02325 -0.0399566
internal_weight=22.6041 15.055 10.2063 4.84871 6.25197 3.03003
internal_count=148 116 60 56 42 49
is_linear=0
shrinkage=0.05


Tree=117
num_leaves=5
num_cat=0
split_feature=3 1 2 0
split_gain=0.707413 1.3769 0.628294 1.23517
threshold=1.0000000180025095e-35 1.5000000000000002 1.5000000000000002 1.5000000000000002
decision_type=2 2 2 2
left_child=1 -1 3 -2
right_child=2 -3 -4 -5
leaf_value=0.0035265754594026389 0.00022521123982056131 -0.029343469038130628 -0.0070699324911530212 0.029406048895154569
leaf_weight=8.5324425771832448 9.5576385855674761 5.0845139101147643 6.6739028543233863 5.8434730321168891
leaf_count=35 33 28 27 25
internal_value=0.000215593 -0.00874696 0.00574414 0.011297
internal_weight=35.692 13.617 22.075 15.4011
internal_count=148 63 85 58
is_linear=0
shrinkage=0.05


Tree=118
num_leaves=6
num_cat=0
split_feature=1 3 4 2 4
split_gain=2.59658 2.46119 0.447624 0.189382 0.00287766
threshold=1.5000000000000002 1.0000000180025095e-35 3.5000000000000004 1.5000000000000002 4.5000000000000009
decision_type=2 2 2 2 2
left_child=1 -1 -2 4 -3
right_child=2 3 -4 -5 -6
leaf_value=0.0045431316414415012 0.028919730581187686 -0.043473500836117757 0.010017507105974481 -0.024607228613053426 -0.04089269150166519
leaf_weight=8.5471485108137113 4.8819078505039224 2.132851518690587 8.7380179911851865 2.3820200935006142 2.1882927007973194
leaf_count=35 19 16 37 17 24
internal_value=0.000925688 -0.0132451 0.0167928 -0.0359267 -0.0421665
internal_weight=28.8702 15.2503 13.6199 6.70316 4.32114
internal_count=148 92 56 57 40
is_linear=0
shrinkage=0.05


Tree=119
num_leaves=5
num_cat=0
split_feature=0 0 1 4
split_gain=9.20972 7.29864e-05 8.54139e-05 1.57668e-05
threshold=2.5000000000000004 1.0000000180025095e-35 1.5000000000000002 3.5000000000000004
decision_type=2 2 2 2
left_child=1 -1 3 -3
right_child=-2 2 -4 -5
leaf_value=-0.039478427540111868 0.034134843287147137 -0.040079341078273045 -0.03955510609031878 -0.039865939382589033
leaf_weight=2.3062709420919427 9.1750301867723465 1.5922920480370524 2.0250496417284012 1.8963749408721922
leaf_count=38 32 20 32 26
internal_value=0.000154188 -0.0397146 -0.0398134 -0.0399633
internal_weight=16.995 7.81999 5.51372 3.48867
internal_count=148 116 78 46
is_linear=0
shrinkage=0.05


Tree=120
num_leaves=6
num_cat=0
split_feature=1 0 4 0 0
split_gain=4.31113 4.35752 2.8993 0.061274 0.000157702
threshold=1.5000000000000002 1.0000000180025095e-35 4.5000000000000009 1.0000000180025095e-35 1.5000000000000002
decision_type=2 2 2 2 2
left_child=1 -1 -3 -2 -5
right_child=3 2 -4 4 -6
leaf_value=0.032727405226259547 -0.051648356964061476 -0.043816787963238193 0.01598380284473622 -0.040196587749138292 -0.039455804196311631
leaf_weight=9.4752684533596092 1.7789733558893193 4.5295788981020433 3.6683216951787472 1.5863587260246279 1.3131736554205415
leaf_count=31 7 39 22 22 27
internal_value=-0.00166415 0.00963399 -0.0170578 -0.0443431 -0.0398611
internal_weight=22.3517 17.6732 8.1979 4.67851 2.89953
internal_count=148 92 61 56 49
is_linear=0
shrinkage=0.05


Tree=121
num_leaves=5
num_cat=0
split_feature=3 0 2 0
split_gain=0.621392 1.34985 0.585906 1.15514
threshold=1.0000000180025095e-35 1.5000000000000002 1.5000000000000002 1.5000000000000002
decision_type=2 2 2 2
left_child=1 -1 3 -2
right_child=2 -3 -4 -5
leaf_value=0.0032432717009420195 5.98784821443601e-05 -0.030010469632978348 -0.0070448307238546691 0.028437191032102085
leaf_weight=8.8086453974246961 9.513467952609064 4.6694183498620978 6.6286839991807929 5.7559002339839926
leaf_count=34 33 29 27 25
internal_value=0.000169344 -0.00827735 0.00536821 0.0107569
internal_weight=35.3761 13.4781 21.8981 15.2694
internal_count=148 63 85 58
is_linear=0
shrinkage=0.05


Tree=122
num_leaves=5
num_cat=0
split_feature=1 2 4 4
split_gain=2.44458 2.22095 2.28538 0.770194
threshold=1.0000000180025095e-35 1.5000000000000002 4.5000000000000009 4.5000000000000009
decision_type=2 2 2 2
left_child=-1 2 -2 -3
right_child=1 3 -4 -5
leaf_value=-0.035533050718242407 0.010509239151273775 0.010310360295287242 -0.031349004739311452 0.036567788499792718
leaf_weight=3.9601842761039761 7.8339062295854092 5.6614424884319305 5.5861360505223274 5.5116538554430008
leaf_count=32 35 24 36 21
internal_value=0.000924994 0.00679576 -0.00691439 0.0232631
internal_weight=28.5533 24.5931 13.42 11.1731
internal_count=148 116 71 45
is_linear=0
shrinkage=0.05


Tree=123
num_leaves=5
num_cat=0
split_feature=0 0 1 4
split_gain=8.76064 5.74771e-05 7.32318e-05 1.62919e-05
threshold=2.5000000000000004 1.0000000180025095e-35 1.5000000000000002 3.5000000000000004
decision_type=2 2 2 2
left_child=1 -1 3 -3
right_child=-2 2 -4 -5
leaf_value=-0.03941082108985864 0.033362483361358747 -0.039975355045874378 -0.039469750464091048 -0.039754065746718067
leaf_weight=2.222651608288289 9.0730092823505402 1.5350446626544001 1.9451250247657297 1.8154105842113493
leaf_count=38 32 20 32 26
internal_value=0.000288953 -0.0396242 -0.0397138 -0.0398555
internal_weight=16.5912 7.51823 5.29558 3.35046
internal_count=148 116 78 46
is_linear=0
shrinkage=0.05


Tree=124
num_leaves=7
num_cat=0
split_feature=1 1 2 0 2 0
split_gain=4.11742 1.89964 2.08906 0.0530442 0.00756762 0.000138717
threshold=1.0000000180025095e-35 1.5000000000000002 1.0000000180025095e-35 1.0000000180025095e-35 1.5000000000000002 1.5000000000000002
decision_type=2 2 2 2 2 2
left_child=-1 2 -2 -3 -4 -5
right_child=1 3 4 5 -6 -7
leaf_value=0.028677301574048644 0.023404733832747535 -0.050928792691884807 -0.021514741889649639 -0.040106674802232484 -0.02502565478095058 -0.039396264355879965
leaf_weight=7.3982009254395988 3.9342731311917287 1.7362572401761998 3.0768481157720089 1.5286227576434614 3.062489215284586 1.2482767235487697
leaf_count=32 18 7 21 22 21 27
internal_value=-0.00170609 -0.0171161 -0.00503869 -0.0440736 -0.0232661 -0.0397873
internal_weight=21.985 14.5868 10.0736 4.51316 6.13934 2.7769
internal_count=148 116 60 56 42 49
is_linear=0
shrinkage=0.05


Tree=125
num_leaves=5
num_cat=0
split_feature=3 1 1 0
split_gain=0.568766 1.3097 0.576842 0.514459
threshold=1.0000000180025095e-35 1.5000000000000002 1.0000000180025095e-35 1.5000000000000002
decision_type=2 2 2 2
left_child=1 -1 -2 -4
right_child=2 -3 3 -5
leaf_value=0.003997562775283933 -0.0077687672079012103 -0.028474343103546487 0.016848766735732001 -0.0023515290464143582
leaf_weight=8.4524469524621946 6.1583923473954227 4.9085212275385848 10.250147029757498 5.2889781072735778
leaf_count=35 25 28 33 27
internal_value=0.000183816 -0.00793189 0.00518133 0.0103137
internal_weight=35.0585 13.361 21.6975 15.5391
internal_count=148 63 85 60
is_linear=0
shrinkage=0.05


Tree=126
num_leaves=5
num_cat=0
split_feature=1 2 4 4
split_gain=2.296 2.06457 2.13852 0.73531
threshold=1.0000000180025095e-35 1.5000000000000002 4.5000000000000009 4.5000000000000009
decision_type=2 2 2 2
left_child=-1 2 -2 -3
right_child=1 3 -4 -5
leaf_value=-0.035079969563366085 0.0099712183781817901 0.0097323440571961215 -0.030813416424584544 0.035417467946685099
leaf_weight=3.8349471315741566 7.823290079832077 5.6501290276646614 5.4553873725235462 5.4976483583450317
leaf_count=32 35 24 36 21
internal_value=0.000887449 0.00653433 -0.00678467 0.0223992
internal_weight=28.2614 24.4265 13.2787 11.1478
internal_count=148 116 71 45
is_linear=0
shrinkage=0.05


Tree=127
num_leaves=5
num_cat=0
split_feature=0 0 1 4
split_gain=8.32109 5.52125e-05 6.56646e-05 1.55574e-05
threshold=2.5000000000000004 1.0000000180025095e-35 1.5000000000000002 3.5000000000000004
decision_type=2 2 2 2
left_child=1 -1 3 -3
right_child=-2 2 -4 -5
leaf_value=-0.039327925445470445 0.032587128971012153 -0.039886753525499162 -0.039395447570723774 -0.03966666185986456
leaf_weight=2.1234305687248716 8.9519919902086258 1.4845594316720965 1.8694590069353578 1.748667102307081
leaf_count=38 32 20 32 26
internal_value=0.000369844 -0.0395422 -0.0396313 -0.0397677
internal_weight=16.1781 7.22612 5.10269 3.23323
internal_count=148 116 78 46
is_linear=0
shrinkage=0.05


Tree=128
num_leaves=7
num_cat=0
split_feature=0 1 2 4 2 2
split_gain=3.93007 4.49798 2.55201 0.413398 0.00696694 0.000137372
threshold=1.5000000000000002 1.0000000180025095e-35 1.0000000180025095e-35 4.5000000000000009 1.0000000180025095e-35 1.5000000000000002
decision_type=2 2 2 2 2 2
left_child=1 -1 -3 -4 -2 -6
right_child=4 2 3 -5 5 -7
leaf_value=0.044800438987187781 -0.04366642179957167 0.023405344428414007 -0.015483063494359246 -0.039557293560355172 -0.04017022456223715 -0.039433032411732565
leaf_weight=5.9135371744632783 2.2335474938154212 3.8785840123891813 3.7377907112240791 3.410093504935503 1.4472069479525089 1.1217840202152729
leaf_count=21 17 17 26 20 23 24
internal_value=-0.00169984 0.00961878 -0.00924928 -0.0269683 -0.041624 -0.0398483
internal_weight=21.7425 16.94 11.0265 7.14788 4.80254 2.56899
internal_count=148 84 63 46 64 47
is_linear=0
shrinkage=0.05


Tree=129
num_leaves=6
num_cat=0
split_feature=2 2 4 4 4
split_gain=0.517053 0.913917 2.2376 0.929844 0.205654
threshold=1.5000000000000002 1.0000000180025095e-35 4.5000000000000009 4.5000000000000009 3.5000000000000004
decision_type=2 2 2 2 2
left_child=1 3 -3 -1 -2
right_child=4 2 -4 -5 -6
leaf_value=0.0087482447337561865 -0.0015609394445841736 -0.0095208508733331428 0.03391637601794191 -0.020113284194196411 -0.014857591565264991
leaf_weight=5.5241336300969124 5.600612744688986 5.4602105095982552 6.4873932674527168 5.6398155838251114 6.0485740005970001
leaf_count=22 24 22 27 22 31
internal_value=0.000124417 0.0044538 0.014065 -0.00583205 -0.00846492
internal_weight=34.7607 23.1116 11.9476 11.1639 11.6492
internal_count=148 93 49 44 55
is_linear=0
shrinkage=0.05


Tree=130
num_leaves=5
num_cat=0
split_feature=2 3 4 4
split_gain=2.14753 1.94198 1.08771 0.762438
threshold=1.5000000000000002 1.0000000180025095e-35 4.5000000000000009 3.5000000000000004
decision_type=2 2 2 2
left_child=1 -1 -2 -3
right_child=2 3 -4 -5
leaf_value=0.0051595885890357504 0.0030534137134779361 -0.0098004453588397666 0.03258315083678541 -0.043197812002541636
leaf_weight=8.0871032029390317 7.0285339951515198 2.7598487250506887 5.6054295673966408 4.4877568744122982
leaf_count=35 32 19 23 39
internal_value=0.000891021 -0.0116848 0.0161552 -0.0304803
internal_weight=27.9687 15.3347 12.634 7.24761
internal_count=148 93 55 58
is_linear=0
shrinkage=0.05


Tree=131
num_leaves=5
num_cat=0
split_feature=0 0 1 4
split_gain=7.9317 4.8055e-05 5.52572e-05 1.2999e-05
threshold=2.5000000000000004 1.0000000180025095e-35 1.5000000000000002 3.5000000000000004
decision_type=2 2 2 2
left_child=1 -1 3 -3
right_child=-2 2 -4 -5
leaf_value=-0.039259642598494966 0.031910821002603021 -0.039786759950155244 -0.039327797392566984 -0.039581778996139641
leaf_weight=2.0391169264912596 8.8414342105388641 1.4287945441901686 1.7997153438627718 1.6862079612910745
leaf_count=38 32 20 32 26
internal_value=0.000488334 -0.0394637 -0.0395484 -0.0396758
internal_weight=15.7953 6.95383 4.91472 3.115
internal_count=148 116 78 46
is_linear=0
shrinkage=0.05


Tree=132
num_leaves=6
num_cat=0
split_feature=1 0 4 0 0
split_gain=3.76816 3.95905 2.69788 0.0438324 0.000159772
threshold=1.5000000000000002 1.0000000180025095e-35 4.5000000000000009 1.0000000180025095e-35 1.5000000000000002
decision_type=2 2 2 2 2
left_child=1 -1 -3 -2 -5
right_child=3 2 -4 4 -6
leaf_value=0.031104719785189323 -0.050101138451260185 -0.043917123720949081 0.01450243540234941 -0.040066941316014071 -0.039274728197189357
leaf_weight=9.1804025471210533 1.6757580339908589 4.3022189773619166 3.6554303131997585 1.4567490816116335 1.1302183289080856
leaf_count=31 7 39 22 22 27
internal_value=-0.00173304 0.0087306 -0.0170815 -0.0438015 -0.0397208
internal_weight=21.4008 17.1381 7.95765 4.26273 2.58697
internal_count=148 92 61 56 49
is_linear=0
shrinkage=0.05


Tree=133
num_leaves=5
num_cat=0
split_feature=3 0 2 0
split_gain=0.483455 1.31024 0.435594 1.08596
threshold=1.0000000180025095e-35 1.5000000000000002 1.5000000000000002 1.5000000000000002
decision_type=2 2 2 2
left_child=1 -1 3 -2
right_child=2 -3 -4 -5
leaf_value=0.0038153892920233436 -0.0010278287359738189 -0.029507539488698498 -0.006100756682639639 0.027017179301083105
leaf_weight=8.7001601755619031 9.229038134217264 4.4631816595792762 6.4698606356978408 5.5141466259956351
leaf_count=34 33 29 27 25
internal_value=4.41222e-05 -0.00748313 0.00471501 0.00946138
internal_weight=34.3764 13.1633 21.213 14.7432
internal_count=148 63 85 58
is_linear=0
shrinkage=0.05


Tree=134
num_leaves=5
num_cat=0
split_feature=1 3 4 0
split_gain=2.07505 2.21152 0.360502 0.197822
threshold=1.5000000000000002 1.0000000180025095e-35 3.5000000000000004 1.5000000000000002
decision_type=2 2 2 2
left_child=1 -1 -2 -3
right_child=2 3 -4 -5
leaf_value=0.0045864692093808097 0.026184162753077923 -0.043146931862796438 0.0090204178160888746 -0.025074545747480199
leaf_weight=8.3512871786952001 4.8082426786422738 3.3544981218874463 8.4107941910624486 2.7600803598761559
leaf_count=35 19 35 37 22
internal_value=0.000943747 -0.0121418 0.0152635 -0.0349892
internal_weight=27.6849 14.4659 13.219 6.11458
internal_count=148 92 56 57
is_linear=0
shrinkage=0.05


Tree=135
num_leaves=5
num_cat=0
split_feature=0 0 1 4
split_gain=7.54902 4.4307e-05 5.01598e-05 1.14911e-05
threshold=2.5000000000000004 1.0000000180025095e-35 1.5000000000000002 3.5000000000000004
decision_type=2 2 2 2
left_child=1 -1 3 -3
right_child=-2 2 -4 -5
leaf_value=-0.03918548523375829 0.031224043557158521 -0.039698228218857767 -0.039253972593397857 -0.03950209195804763
leaf_weight=1.948201335966586 8.7313446253538132 1.3800650686025622 1.7265287749469278 1.6273380890488622
leaf_count=38 32 20 32 26
internal_value=0.000612721 -0.0393862 -0.0394688 -0.0395921
internal_weight=15.4135 6.68213 4.73393 3.0074
internal_count=148 116 78 46
is_linear=0
shrinkage=0.05


Tree=136
num_leaves=7
num_cat=0
split_feature=0 1 2 4 2 2
split_gain=3.57012 4.03702 2.36878 0.388791 0.00602362 0.000119445
threshold=1.5000000000000002 1.0000000180025095e-35 1.0000000180025095e-35 4.5000000000000009 1.0000000180025095e-35 1.5000000000000002
decision_type=2 2 2 2 2 2
left_child=1 -1 -3 -4 -2 -6
right_child=4 2 3 -5 5 -7
leaf_value=0.042809892641473141 -0.04337902990670376 0.022353679730147728 -0.015209568732300387 -0.038857996550803742 -0.040011526873097163 -0.039294203400742744
leaf_weight=5.742592975497252 2.1044653244316569 3.8636118173599225 3.6540243849158287 3.3145399242639542 1.343622324988246 1.0215634703636169
leaf_count=21 17 17 26 20 23 24
internal_value=-0.00177521 0.00891917 -0.00904773 -0.0264577 -0.0414331 -0.0397017
internal_weight=21.0444 16.5748 10.8322 6.96856 4.46965 2.36519
internal_count=148 84 63 46 64 47
is_linear=0
shrinkage=0.05


Tree=137
num_leaves=5
num_cat=0
split_feature=3 0 1 0
split_gain=0.427057 1.23829 0.411402 0.470797
threshold=1.0000000180025095e-35 1.5000000000000002 1.0000000180025095e-35 1.5000000000000002
decision_type=2 2 2 2
left_child=1 -1 -2 -4
right_child=2 -3 3 -5
leaf_value=0.0038977747011697387 -0.0066908485861485109 -0.028750610524209266 0.015101585547648309 -0.00361406071876237
leaf_weight=8.6841037273406965 5.9115766957402256 4.3636414743959895 10.083979547023771 5.0394312515854827
leaf_count=34 25 29 33 27
internal_value=8.53549e-05 -0.00702104 0.00449336 0.00886515
internal_weight=34.0827 13.0477 21.035 15.1234
internal_count=148 63 85 60
is_linear=0
shrinkage=0.05


Tree=138
num_leaves=5
num_cat=0
split_feature=2 1 4 4
split_gain=1.99056 1.8446 1.01964 0.82421
threshold=1.5000000000000002 1.5000000000000002 4.5000000000000009 4.5000000000000009
decision_type=2 2 2 2
left_child=1 3 -2 -1
right_child=2 -3 -4 -5
leaf_value=-0.013386572144685138 0.0028572974334455312 0.0076804207606408319 0.031630175887674472 -0.045527085588966718
leaf_weight=4.5183182358741742 6.9244834668934345 6.8529357090592393 5.5445768982172012 3.5712591223418713
leaf_count=27 32 32 23 34
internal_value=0.000901841 -0.0114064 0.0156516 -0.0275755
internal_weight=27.4116 14.9425 12.4691 8.08958
internal_count=148 93 55 61
is_linear=0
shrinkage=0.05


Tree=139
num_leaves=5
num_cat=0
split_feature=0 0 1 4
split_gain=7.15727 4.10101e-05 4.84412e-05 1.25407e-05
threshold=2.5000000000000004 1.0000000180025095e-35 1.5000000000000002 3.5000000000000004
decision_type=2 2 2 2
left_child=1 -1 3 -3
right_child=-2 2 -4 -5
leaf_value=-0.039115361713847219 0.030431908165545377 -0.039629179413853924 -0.039177896237270117 -0.039420740886655502
leaf_weight=1.8619320094585408 8.6135028898715973 1.3393401056528094 1.6543149575591085 1.5645901709794996
leaf_count=38 32 20 32 26
internal_value=0.000647104 -0.0393131 -0.0393939 -0.0395169
internal_weight=15.0337 6.42018 4.55825 2.90393
internal_count=148 116 78 46
is_linear=0
shrinkage=0.05


Tree=140
num_leaves=6
num_cat=0
split_feature=1 0 4 0 4
split_gain=3.45911 3.57709 2.58237 0.0353794 0.000240115
threshold=1.5000000000000002 1.0000000180025095e-35 4.5000000000000009 1.0000000180025095e-35 6.5000000000000009
decision_type=2 2 2 2 2
left_child=1 -1 -3 -2 -5
right_child=3 2 -4 4 -6
leaf_value=0.02969017528811882 -0.049199017531067521 -0.043893299202997976 0.014028864711801351 -0.03921391441335819 -0.040235897288323545
leaf_weight=8.9842410385608726 1.6120153665542591 4.1000260766595593 3.626165509223938 1.4437610208988192 0.95485404506325711
leaf_count=31 7 39 22 31 18
internal_value=-0.00177083 0.00823743 -0.0167085 -0.0434706 -0.0396208
internal_weight=20.7211 16.7104 7.72619 4.01063 2.39862
internal_count=148 92 61 56 49
is_linear=0
shrinkage=0.05


Tree=141
num_leaves=6
num_cat=0
split_feature=2 2 4 4 4
split_gain=0.398658 0.790433 2.05537 0.843906 0.159519
threshold=1.5000000000000002 1.0000000180025095e-35 4.5000000000000009 4.5000000000000009 3.5000000000000004
decision_type=2 2 2 2 2
left_child=1 3 -3 -1 -2
right_child=4 2 -4 -5 -6
leaf_value=0.0081948740681279369 -0.0015105002391553471 -0.009777882563965919 0.032516705110548834 -0.019653971675937909 -0.013381405619400558
leaf_weight=5.4243345931172371 5.5115773454308492 5.3325363770127296 6.2266047969460487 5.4570337980985641 5.816601824015379
leaf_count=22 24 22 27 22 31
internal_value=4.04979e-05 0.00390041 0.0130051 -0.00577139 -0.00760577
internal_weight=33.7687 22.4405 11.5591 10.8814 11.3282
internal_count=148 93 49 44 55
is_linear=0
shrinkage=0.05


Tree=142
num_leaves=5
num_cat=0
split_feature=2 1 4 4
split_gain=1.87 1.7619 0.95958 0.815245
threshold=1.5000000000000002 1.5000000000000002 4.5000000000000009 4.5000000000000009
decision_type=2 2 2 2
left_child=1 3 -2 -1
right_child=2 -3 -4 -5
leaf_value=-0.013047074267280419 0.0028047328409003393 0.0075180496098729609 0.030771525015888965 -0.045389430870277442
leaf_weight=4.4774299040436745 6.894657451659441 6.8372845128178596 5.525007538497448 3.4495696388185024
leaf_count=27 32 32 23 34
internal_value=0.000947701 -0.01108 0.015246 -0.0271214
internal_weight=27.1839 14.7643 12.4197 7.927
internal_count=148 93 55 61
is_linear=0
shrinkage=0.05


Tree=143
num_leaves=5
num_cat=0
split_feature=0 0 1 4
split_gain=6.78838 4.00963e-05 4.77458e-05 1.02534e-05
threshold=2.5000000000000004 1.0000000180025095e-35 1.5000000000000002 3.5000000000000004
decision_type=2 2 2 2
left_child=1 -1 3 -3
right_child=-2 2 -4 -5
leaf_value=-0.039042274287912779 0.029676575099258348 -0.039550713367906033 -0.039104177384910087 -0.039359179663095212
leaf_weight=1.7762162573635567 8.4841273725032806 1.2956496588885786 1.5836743898689745 1.5167108438909052
leaf_count=38 32 20 32 26
internal_value=0.000652526 -0.0392428 -0.0393238 -0.0394474
internal_weight=14.6564 6.17225 4.39603 2.81236
internal_count=148 116 78 46
is_linear=0
shrinkage=0.05


Tree=144
num_leaves=7
num_cat=0
split_feature=0 1 2 4 2 2
split_gain=3.30759 3.59794 2.16476 0.367125 0.00560363 0.000126824
threshold=1.5000000000000002 1.0000000180025095e-35 1.0000000180025095e-35 4.5000000000000009 1.0000000180025095e-35 1.5000000000000002
decision_type=2 2 2 2 2 2
left_child=1 -1 -3 -4 -2 -6
right_child=4 2 3 -5 5 -7
leaf_value=0.040985784585144888 -0.043262673558622976 0.021337235909248863 -0.014629498186827461 -0.03794596583583839 -0.039933286316767014 -0.03916407571958222
leaf_weight=5.5633410513401094 2.0086612999439231 3.8390982896089536 3.5684402249753475 3.2040413431823254 1.2709909453988077 0.92646562121808518
leaf_count=21 17 17 26 20 23 24
internal_value=-0.00185419 0.00841727 -0.00865745 -0.0256605 -0.0413538 -0.039609
internal_weight=20.381 16.1749 10.6116 6.77248 4.20612 2.19746
internal_count=148 84 63 46 64 47
is_linear=0
shrinkage=0.05


Tree=145
num_leaves=5
num_cat=0
split_feature=3 0 2 0
split_gain=0.399864 1.19906 0.350461 0.962563
threshold=1.0000000180025095e-35 1.5000000000000002 1.5000000000000002 1.5000000000000002
decision_type=2 2 2 2
left_child=1 -1 3 -2
right_child=2 -3 -4 -5
leaf_value=0.003831663502057497 -0.0012256545596278944 -0.028624674153559761 -0.0054415872007248208 0.025644972700717961
leaf_weight=8.6495717912912351 9.0128474682569522 4.2408480383455744 6.3021259233355513 5.2884247303009024
leaf_count=34 33 29 27 25
internal_value=6.06278e-05 -0.00684622 0.00438186 0.00871075
internal_weight=33.4938 12.8904 20.6034 14.3013
internal_count=148 63 85 58
is_linear=0
shrinkage=0.05


Tree=146
num_leaves=6
num_cat=0
split_feature=2 3 4 4 1
split_gain=1.73064 1.73996 0.958662 0.906865 0.00926864
threshold=1.5000000000000002 1.0000000180025095e-35 2.5000000000000004 4.5000000000000009 1.5000000000000002
decision_type=2 2 2 2 2
left_child=1 -1 -3 -2 -4
right_child=3 2 4 -5 -6
leaf_value=0.0052486888464553811 0.0025485032945816418 -0.0027488171932893097 -0.04061244227357455 0.029786742013851578 -0.045165211926184806
leaf_weight=7.8359066918492317 6.870338711887598 2.245881725102663 2.3599655628204346 5.5037776231765747 2.1240640133619308
leaf_count=35 32 14 31 23 13
internal_value=0.000914094 -0.0107665 -0.0294137 0.0146636 -0.0427691
internal_weight=26.9399 14.5658 6.72991 12.3741 4.48403
internal_count=148 93 58 55 44
is_linear=0
shrinkage=0.05


Tree=147
num_leaves=5
num_cat=0
split_feature=0 0 1 4
split_gain=6.47649 3.83631e-05 4.64949e-05 1.00835e-05
threshold=2.5000000000000004 1.0000000180025095e-35 1.5000000000000002 3.5000000000000004
decision_type=2 2 2 2
left_child=1 -1 3 -3
right_child=-2 2 -4 -5
leaf_value=-0.03897867666896912 0.029076842916825763 -0.039487345503205797 -0.03903818172263359 -0.039294468930171141
leaf_weight=1.694094493985175 8.3822361826896667 1.2595259882509711 1.5162309966981409 1.4667486324906347
leaf_count=38 32 20 32 26
internal_value=0.000777581 -0.0391798 -0.0392601 -0.0393836
internal_weight=14.3188 5.9366 4.24251 2.72627
internal_count=148 116 78 46
is_linear=0
shrinkage=0.05


Tree=148
num_leaves=6
num_cat=0
split_feature=1 0 4 0 4
split_gain=3.2026 3.26167 2.44333 0.0293344 0.000240734
threshold=1.5000000000000002 1.0000000180025095e-35 4.5000000000000009 1.0000000180025095e-35 6.5000000000000009
decision_type=2 2 2 2 2
left_child=1 -1 -3 -2 -5
right_child=3 2 -4 4 -6
leaf_value=0.028473767250929191 -0.048497030817126537 -0.043828695078592668 0.013323645380152094 -0.039135098720273737 -0.040195512640815043
leaf_weight=8.7824397683143669 1.5570704191923135 3.9013955127447835 3.5916315913200378 1.3452630490064623 0.88883600011467923
leaf_count=31 7 39 22 31 18
internal_value=-0.00184175 0.00779884 -0.0164339 -0.0432287 -0.039557
internal_weight=20.0666 16.2755 7.49303 3.79117 2.2341
internal_count=148 92 61 56 49
is_linear=0
shrinkage=0.05


Tree=149
num_leaves=5
num_cat=0
split_feature=3 1 2 0
split_gain=0.343663 1.15672 0.296631 0.867453
threshold=1.0000000180025095e-35 1.5000000000000002 1.5000000000000002 1.5000000000000002
decision_type=2 2 2 2
left_child=1 -1 3 -2
right_child=2 -3 -4 -5
leaf_value=0.0047474285864192271 -0.0013974945132187516 -0.026662988901719389 -0.0050439695285176651 0.024345645582597053
leaf_weight=8.2282961606979352 8.9240792393684405 4.5527854450047007 6.2515726760029784 5.1670987531542769
leaf_count=35 33 28 27 25
internal_value=-1.61623e-05 -0.00644137 0.00402071 0.00804227
internal_weight=33.1238 12.7811 20.3428 14.0912
internal_count=148 63 85 58
is_linear=0
shrinkage=0.05


Tree=150
num_leaves=5
num_cat=0
split_feature=1 3 4 0
split_gain=1.67982 1.98581 0.350873 0.223324
threshold=1.5000000000000002 1.0000000180025095e-35 3.5000000000000004 1.5000000000000002
decision_type=2 2 2 2
left_child=1 -1 -2 -3
right_child=2 3 -4 -5
leaf_value=0.0045526052633041774 0.024674939817907061 -0.043183252542662434 0.0076005716258713734 -0.023114422422367439
leaf_weight=8.1238080635666829 4.7525387853384027 3.0784172676503667 8.2008306458592397 2.5217778421938419
leaf_count=35 19 35 37 22
internal_value=0.000950566 -0.0112388 0.0138651 -0.0341462
internal_weight=26.6774 13.724 12.9534 5.6002
internal_count=148 92 56 57
is_linear=0
shrinkage=0.05


Tree=151
num_leaves=5
num_cat=0
split_feature=0 0 1 4
split_gain=6.15835 3.39092e-05 4.03515e-05 8.85628e-06
threshold=2.5000000000000004 1.0000000180025095e-35 1.5000000000000002 3.5000000000000004
decision_type=2 2 2 2
left_child=1 -1 3 -3
right_child=-2 2 -4 -5
leaf_value=-0.03891951413729023 0.02843077434038024 -0.039406088101357255 -0.038978829373710139 -0.03922177879843966
leaf_weight=1.6221353597939003 8.2700001150369644 1.2125379405915739 1.4571370109915731 1.4093277715146539
leaf_count=38 32 20 32 26
internal_value=0.000868546 -0.0391129 -0.0391898 -0.039307
internal_weight=13.9711 5.70114 4.079 2.62187
internal_count=148 116 78 46
is_linear=0
shrinkage=0.05


Tree=152
num_leaves=6
num_cat=0
split_feature=1 0 4 0 4
split_gain=3.04278 3.00328 2.35075 0.026072 0.000227732
threshold=1.5000000000000002 1.0000000180025095e-35 4.5000000000000009 1.0000000180025095e-35 6.5000000000000009
decision_type=2 2 2 2 2
left_child=1 -1 -3 -2 -5
right_child=3 2 -4 4 -6
leaf_value=0.027342229884986149 -0.048050368171135477 -0.043641629049366457 0.012880120223119226 -0.039063528134533392 -0.040116363154297431
leaf_weight=8.7149727642536217 1.5182790309190743 3.7659698612987986 3.5962031595408916 1.2851905897259714 0.85553297773003567
leaf_count=31 7 39 22 31 18
internal_value=-0.00188616 0.00747976 -0.0160324 -0.0430387 -0.0394843
internal_weight=19.7361 16.0771 7.36217 3.659 2.14072
internal_count=148 92 61 56 49
is_linear=0
shrinkage=0.05


Tree=153
num_leaves=5
num_cat=0
split_feature=4 0 2 4
split_gain=0.355029 0.637162 0.331401 0.315521
threshold=6.5000000000000009 1.5000000000000002 1.5000000000000002 7.5000000000000009
decision_type=2 2 2 2
left_child=1 2 -1 -2
right_child=3 -3 -4 -5
leaf_value=-0.0036035701365209304 0.01592279413282149 -0.016195577484303381 0.011562087705993441 -0.0013302124986918863
leaf_weight=9.5648156553506869 5.4623287469148618 6.8896176405251017 5.7784854173660269 5.1468899548053741
leaf_count=35 23 41 22 27
internal_value=2.71485e-05 -0.00356397 0.00210801 0.00755278
internal_weight=32.8421 22.2329 15.3433 10.6092
internal_count=148 98 57 50
is_linear=0
shrinkage=0.05


Tree=154
num_leaves=6
num_cat=0
split_feature=2 4 4 1 2
split_gain=1.63051 1.57988 0.855141 0.83793 0.692749
threshold=1.5000000000000002 4.5000000000000009 4.5000000000000009 1.5000000000000002 1.0000000180025095e-35
decision_type=2 2 2 2 2
left_child=1 3 -2 -1 -3
right_child=2 4 -4 -5 -6
leaf_value=-0.012380218918706099 0.0024230886451660754 -0.01019748573378545 0.029058562851878907 0.019052581651240408 -0.045547069076830732
leaf_weight=4.3173459880053979 6.7638295590877533 2.3608117327094087 5.4346127510070801 4.1662397831678391 3.3563301898539066
leaf_count=27 32 22 23 17 27
internal_value=0.000882376 -0.0106345 0.0142896 0.00305625 -0.03095
internal_weight=26.3992 14.2007 12.1984 8.48359 5.71714
internal_count=148 93 55 44 49
is_linear=0
shrinkage=0.05


Tree=155
num_leaves=5
num_cat=0
split_feature=0 0 1 4
split_gain=5.85826 2.9461e-05 3.6387e-05 9.67694e-06
threshold=2.5000000000000004 1.0000000180025095e-35 1.5000000000000002 3.5000000000000004
decision_type=2 2 2 2
left_child=1 -1 3 -3
right_child=-2 2 -4 -5
leaf_value=-0.03886734209768028 0.027778858182595397 -0.039342965871287716 -0.038920142978910721 -0.039146744809138823
leaf_weight=1.5523883830755938 8.1699639409780502 1.1742633394896986 1.3995285965502264 1.3514853157103059
leaf_count=38 32 20 32 26
internal_value=0.000955474 -0.0390517 -0.0391247 -0.039238
internal_weight=13.6476 5.47767 3.92528 2.52575
internal_count=148 116 78 46
is_linear=0
shrinkage=0.05


Tree=156
num_leaves=7
num_cat=0
split_feature=0 1 2 4 2 4
split_gain=2.91549 3.20804 2.05138 0.370983 0.0043776 1.08649e-05
threshold=1.5000000000000002 1.0000000180025095e-35 1.0000000180025095e-35 4.5000000000000009 1.0000000180025095e-35 5.5000000000000009
decision_type=2 2 2 2 2 2
left_child=1 -1 -3 -4 -2 -6
right_child=4 2 3 -5 5 -7
leaf_value=0.039224632469924664 -0.042863098126706516 0.020809999555435423 -0.014133268481231826 -0.03796518339002318 -0.039363932821240788 -0.039600313413639052
leaf_weight=5.3223524689674404 1.8361740000545972 3.7701667547225934 3.4267347678542137 3.1195262968540192 1.0931780710816381 0.87539085932075966
leaf_count=21 17 17 26 20 26 21
internal_value=-0.00185365 0.00769626 -0.00856955 -0.02549 -0.041107 -0.039469
internal_weight=19.4435 15.6388 10.3164 6.54626 3.80474 1.96857
internal_count=148 84 63 46 64 47
is_linear=0
shrinkage=0.05


Tree=157
num_leaves=5
num_cat=0
split_feature=0 1 2 4
split_gain=0.341617 1.82959 0.655536 0.520644
threshold=1.5000000000000002 1.5000000000000002 1.0000000180025095e-35 4.5000000000000009
decision_type=2 2 2 2
left_child=2 -2 -1 -4
right_child=1 -3 3 -5
leaf_value=-0.0090361012909537519 0.0069078268207389895 -0.037916419104425197 0.0017066478826249559 0.020592841319867786
leaf_weight=7.0541865378618249 7.1258766874670965 3.3451781235635281 8.9277938604354841 6.1718288511037835
leaf_count=27 37 27 33 24
internal_value=2.99433e-05 -0.00741213 0.00354746 0.0094262
internal_weight=32.6249 10.4711 22.1538 15.0996
internal_count=148 64 84 57
is_linear=0
shrinkage=0.05


Tree=158
num_leaves=6
num_cat=0
split_feature=2 3 4 4 1
split_gain=1.55898 1.54164 0.917852 0.810186 0.00876193
threshold=1.5000000000000002 1.0000000180025095e-35 2.5000000000000004 4.5000000000000009 1.5000000000000002
decision_type=2 2 2 2 2
left_child=1 -1 -3 -2 -4
right_child=3 2 4 -5 -6
leaf_value=0.004600551044671667 0.0023807955571540141 -0.0027757818971046047 -0.040322294979852298 0.028358101896973242 -0.044918899205049545
leaf_weight=7.6684136986732483 6.7361325435340405 2.2265508659183979 2.1192798651754856 5.413741260766983 2.0295775160193443
leaf_count=35 32 14 31 23 13
internal_value=0.000841373 -0.0105044 -0.0286728 0.0139558 -0.0425709
internal_weight=26.1937 14.0438 6.37541 12.1499 4.14886
internal_count=148 93 58 55 44
is_linear=0
shrinkage=0.05


Tree=159
num_leaves=5
num_cat=0
split_feature=0 0 1 4
split_gain=5.57489 2.85243e-05 3.47268e-05 9.60054e-06
threshold=2.5000000000000004 1.0000000180025095e-35 1.5000000000000002 3.5000000000000004
decision_type=2 2 2 2
left_child=1 -1 3 -3
right_child=-2 2 -4 -5
leaf_value=-0.038808760166338246 0.027144842411971199 -0.039285687229219324 -0.038863495855498184 -0.039087129777548614
leaf_weight=1.4805168174207199 8.0529670864343643 1.1413154490292075 1.3451604470610621 1.3047404028475282
leaf_count=38 32 20 32 26
internal_value=0.000977579 -0.0389949 -0.0390676 -0.0391798
internal_weight=13.3247 5.27173 3.79122 2.44606
internal_count=148 116 78 46
is_linear=0
shrinkage=0.05


Tree=160
num_leaves=6
num_cat=0
split_feature=1 0 4 0 4
split_gain=2.84273 2.76786 2.25849 0.0212192 0.000224057
threshold=1.5000000000000002 1.0000000180025095e-35 4.5000000000000009 1.0000000180025095e-35 6.5000000000000009
decision_type=2 2 2 2 2
left_child=1 -1 -3 -2 -5
right_child=3 2 -4 4 -6
leaf_value=0.026469611694173906 -0.04736077127851232 -0.043647166344022006 0.012575938065838657 -0.039008096868787083 -0.040086054588797757
leaf_weight=8.5375691503286379 1.4577810466289514 3.5944248028099528 3.5506222322583199 1.2090389337390663 0.80169535055756558
leaf_count=31 7 39 22 31 18
internal_value=-0.00180609 0.00725339 -0.015708 -0.0427678 -0.0394379
internal_weight=19.1511 15.6826 7.14505 3.46852 2.01073
internal_count=148 92 61 56 49
is_linear=0
shrinkage=0.05


Tree=161
num_leaves=5
num_cat=0
split_feature=0 1 2 4
split_gain=0.338531 1.69201 0.568998 0.467629
threshold=1.5000000000000002 1.5000000000000002 1.0000000180025095e-35 4.5000000000000009
decision_type=2 2 2 2
left_child=2 -2 -1 -4
right_child=1 -3 3 -5
leaf_value=-0.0083323359363744864 0.0062387832305730896 -0.037365417540705909 0.0016346921205196642 0.019600702777439399
leaf_weight=6.9879597425460842 7.0448856353759748 3.2516455985605717 8.9077213704586011 6.1037013828754416
leaf_count=27 37 27 33 24
internal_value=-4.87799e-05 -0.00753143 0.00345338 0.00893974
internal_weight=32.2959 10.2965 21.9994 15.0114
internal_count=148 64 84 57
is_linear=0
shrinkage=0.05


Tree=162
num_leaves=5
num_cat=0
split_feature=2 1 4 4
split_gain=1.47339 1.49179 0.768587 0.759589
threshold=1.5000000000000002 1.5000000000000002 4.5000000000000009 4.5000000000000009
decision_type=2 2 2 2
left_child=1 2 -1 -2
right_child=3 -3 -4 -5
leaf_value=-0.012176568250301514 0.0024043896002265593 0.0069770139802092434 -0.045169283549978463 0.027606664094519673
leaf_weight=4.2547407075762749 6.7141727805137634 6.5927575454115868 3.0168440900743008 5.3898432739078999
leaf_count=27 32 32 34 23
internal_value=0.000880303 -0.0102478 -0.0258646 0.0136268
internal_weight=25.9684 13.8643 7.27158 12.104
internal_count=148 93 61 55
is_linear=0
shrinkage=0.05


Tree=163
num_leaves=5
num_cat=0
split_feature=0 0 1 4
split_gain=5.29953 2.59172e-05 2.91704e-05 8.39735e-06
threshold=2.5000000000000004 1.0000000180025095e-35 1.5000000000000002 3.5000000000000004
decision_type=2 2 2 2
left_child=1 -1 3 -3
right_child=-2 2 -4 -5
leaf_value=-0.038753993851746105 0.02651373032419322 -0.039212010398636449 -0.038815844923254877 -0.03902271634893404
leaf_weight=1.4138025958091018 7.9411980509757996 1.098647613078356 1.2982085701078179 1.2552949022501705
leaf_count=38 32 20 32 26
internal_value=0.00102282 -0.0389358 -0.0390061 -0.0391111
internal_weight=13.0072 5.06595 3.65215 2.35394
internal_count=148 116 78 46
is_linear=0
shrinkage=0.05


Tree=164
num_leaves=7
num_cat=0
split_feature=0 1 2 4 2 4
split_gain=2.70464 2.92123 1.83437 0.342603 0.00384602 2.1929e-05
threshold=1.5000000000000002 1.0000000180025095e-35 1.0000000180025095e-35 4.5000000000000009 1.0000000180025095e-35 5.5000000000000009
decision_type=2 2 2 2 2 2
left_child=1 -1 -3 -4 -2 -6
right_child=4 2 3 -5 5 -7
leaf_value=0.037928734249155299 -0.042659401470652808 0.019444586344831458 -0.01363753522960183 -0.036879151039683276 -0.039220186950875702 -0.039567582312520402
leaf_weight=5.1672291606664684 1.7397904545068734 3.7518246918916685 3.3499507047235966 3.0106279328465462 1.0032214578241108 0.83017567358911026
leaf_count=21 17 17 26 20 26 21
internal_value=-0.00181343 0.00734472 -0.00828307 -0.0246384 -0.0409755 -0.0393775
internal_weight=18.8528 15.2796 10.1124 6.36058 3.57319 1.8334
internal_count=148 84 63 46 64 47
is_linear=0
shrinkage=0.05


Tree=165
num_leaves=5
num_cat=0
split_feature=0 1 2 4
split_gain=0.329276 1.54644 0.53767 0.45129
threshold=1.5000000000000002 1.5000000000000002 1.0000000180025095e-35 4.5000000000000009
decision_type=2 2 2 2
left_child=2 -2 -1 -4
right_child=1 -3 3 -5
leaf_value=-0.0080760042800877545 0.005674626815572896 -0.03641195815063003 0.001579400791115656 0.019261319807179385
leaf_weight=6.9459294229745892 6.9892975986003858 3.1737935841083527 8.8898293375968915 6.0742725580930701
leaf_count=27 37 27 33 24
internal_value=-2.98889e-05 -0.00746843 0.00342052 0.0087569
internal_weight=32.0731 10.1631 21.91 14.9641
internal_count=148 64 84 57
is_linear=0
shrinkage=0.05


Tree=166
num_leaves=6
num_cat=0
split_feature=4 2 3 0 1
split_gain=1.40812 1.63066 2.57499 1.5569 0.0065156
threshold=1.0000000180025095e-35 1.5000000000000002 1.0000000180025095e-35 1.5000000000000002 1.5000000000000002
decision_type=2 2 2 2 2
left_child=-1 2 -2 -3 -4
right_child=1 3 4 -5 -6
leaf_value=0.02989615644956058 0.0043763364654392138 -0.010657826229053721 -0.041078165628908869 0.028191982347441403 -0.044623058866753135
leaf_weight=3.5878233760595348 6.5266076996922493 4.721715833991766 2.9378938972949982 5.6823052391409874 2.3197676837444305
leaf_count=15 31 25 39 23 15
internal_value=0.00083405 -0.00386526 -0.0166014 0.0105606 -0.0426422
internal_weight=25.7761 22.1883 11.7843 10.404 5.25766
internal_count=148 133 85 48 54
is_linear=0
shrinkage=0.05


Tree=167
num_leaves=5
num_cat=0
split_feature=0 0 1 4
split_gain=5.04845 2.4868e-05 2.64322e-05 7.97746e-06
threshold=2.5000000000000004 1.0000000180025095e-35 1.5000000000000002 3.5000000000000004
decision_type=2 2 2 2
left_child=1 -1 3 -3
right_child=-2 2 -4 -5
leaf_value=-0.038700537625387874 0.025924291823968923 -0.039154399280531771 -0.038768417544018309 -0.03896677850134414
leaf_weight=1.3474845997989175 7.8367726504802704 1.0645346753299239 1.2507818117737772 1.2111328374594448
leaf_count=38 32 20 32 26
internal_value=0.00107377 -0.0388832 -0.0389531 -0.0390545
internal_weight=12.7107 4.87393 3.52645 2.27567
internal_count=148 116 78 46
is_linear=0
shrinkage=0.05


Tree=168
num_leaves=6
num_cat=0
split_feature=1 0 4 0 4
split_gain=2.66374 2.57359 2.14613 0.0176359 9.57244e-05
threshold=1.5000000000000002 1.0000000180025095e-35 4.5000000000000009 1.0000000180025095e-35 5.5000000000000009
decision_type=2 2 2 2 2
left_child=1 -1 -3 -2 -5
right_child=3 2 -4 4 -6
leaf_value=0.025708558270103266 -0.046797004745998051 -0.043692149086256564 0.011953764112747733 -0.039058628274808847 -0.03976978980564936
leaf_weight=8.3439845293760317 1.4027693867683404 3.4216862693428984 3.5103426147252321 0.98169143963605143 0.91348168253898621
leaf_count=31 7 39 22 25 24
internal_value=-0.00179526 0.00700266 -0.0155134 -0.0425471 -0.0394014
internal_weight=18.574 15.276 6.93203 3.29794 1.89517
internal_count=148 92 61 56 49
is_linear=0
shrinkage=0.05


Tree=169
num_leaves=5
num_cat=0
split_feature=0 1 2 4
split_gain=0.321851 1.42297 0.462871 0.382467
threshold=1.5000000000000002 1.5000000000000002 1.0000000180025095e-35 4.5000000000000009
decision_type=2 2 2 2
left_child=2 -2 -1 -4
right_child=1 -3 3 -5
leaf_value=-0.0074434866848942828 0.0050768351737573219 -0.035763961426627439 0.0016273376352551354 0.017957106465368633
leaf_weight=6.8812227100133958 6.8904793635010702 3.0888665728271008 8.8568588495254499 6.02485767006874
leaf_count=27 37 27 33 24
internal_value=-0.000129369 -0.00756445 0.00327997 0.00823844
internal_weight=31.7423 9.97935 21.7629 14.8817
internal_count=148 64 84 57
is_linear=0
shrinkage=0.05


Tree=170
num_leaves=6
num_cat=0
split_feature=2 3 4 4 1
split_gain=1.32686 1.38881 0.869431 0.727449 0.00742038
threshold=1.5000000000000002 1.0000000180025095e-35 2.5000000000000004 4.5000000000000009 1.5000000000000002
decision_type=2 2 2 2 2
left_child=1 -1 -3 -2 -4
right_child=3 2 4 -5 -6
leaf_value=0.004440791201008514 0.0019519367351288461 -0.0027816168536881963 -0.040041975575193629 0.026704968589209829 -0.044459338477178152
leaf_weight=7.5214306265115738 6.6753333993256092 2.1988169103860855 1.8776661306619644 5.3445914871990681 1.9257087260484695
leaf_count=35 32 14 31 23 13
internal_value=0.000870694 -0.00987283 -0.0278094 0.0129582 -0.0422786
internal_weight=25.5435 13.5236 6.00219 12.0199 3.80337
internal_count=148 93 58 55 44
is_linear=0
shrinkage=0.05


Tree=171
num_leaves=5
num_cat=0
split_feature=0 0 1 4
split_gain=4.82355 2.16699e-05 2.21483e-05 6.8302e-06
threshold=2.5000000000000004 1.0000000180025095e-35 1.5000000000000002 3.5000000000000004
decision_type=2 2 2 2
left_child=1 -1 3 -3
right_child=-2 2 -4 -5
leaf_value=-0.038653716674733676 0.025445775933260768 -0.039083669336939325 -0.03872263541346152 -0.038906616394923377
leaf_weight=1.2887301258742807 7.7456994652748108 1.0229988247156145 1.2075245883315804 1.1650740895420311
leaf_count=38 32 20 32 26
internal_value=0.00122373 -0.0388283 -0.0388945 -0.0389894
internal_weight=12.43 4.68433 3.3956 2.18807
internal_count=148 116 78 46
is_linear=0
shrinkage=0.05


Tree=172
num_leaves=6
num_cat=0
split_feature=1 0 4 0 4
split_gain=2.54427 2.41903 2.05091 0.015373 8.94477e-05
threshold=1.5000000000000002 1.0000000180025095e-35 4.5000000000000009 1.0000000180025095e-35 5.5000000000000009
decision_type=2 2 2 2 2
left_child=1 -1 -3 -2 -5
right_child=3 2 -4 4 -6
leaf_value=0.024982928067313667 -0.046370188929233974 -0.04350838274151831 0.011341161956346815 -0.039013105600900766 -0.039713330136517067
leaf_weight=8.2776529937982577 1.3605656102299684 3.3053238503634921 3.5184413082897663 0.94816734176129081 0.87876224890351295
leaf_count=31 7 39 22 25 24
internal_value=-0.00175436 0.00681353 -0.0152271 -0.0423465 -0.0393499
internal_weight=18.2889 15.1014 6.82377 3.1875 1.82693
internal_count=148 92 61 56 49
is_linear=0
shrinkage=0.05


Tree=173
num_leaves=5
num_cat=0
split_feature=0 1 2 4
split_gain=0.30953 1.33422 0.440273 0.368561
threshold=1.5000000000000002 1.5000000000000002 1.0000000180025095e-35 4.5000000000000009
decision_type=2 2 2 2
left_child=2 -2 -1 -4
right_child=1 -3 3 -5
leaf_value=-0.0073010973151631008 0.0047187186885413743 -0.035253963796666142 0.0015573975730995681 0.017633965679174062
leaf_weight=6.8296226114034715 6.8321939930319768 3.0060612410306931 8.8355943411588651 5.9764123409986487
leaf_count=27 37 27 33 24
internal_value=-0.000141415 -0.00749486 0.00320145 0.00804404
internal_weight=31.4799 9.83826 21.6416 14.812
internal_count=148 64 84 57
is_linear=0
shrinkage=0.05


Tree=174
num_leaves=5
num_cat=0
split_feature=2 1 4 0
split_gain=1.26459 1.33232 0.745975 0.697315
threshold=1.5000000000000002 1.5000000000000002 4.5000000000000009 1.5000000000000002
decision_type=2 2 2 2
left_child=1 2 -1 -2
right_child=3 -3 -4 -5
leaf_value=-0.011534660892135735 0.00092161686273810296 0.0065644528846545026 -0.045059872299161197 0.025069000967224999
leaf_weight=4.1224957481026649 6.1666389890015125 6.4631452262401581 2.7770272716879845 5.8032298684120178
leaf_count=27 31 32 34 24
internal_value=0.000825317 -0.00974783 -0.0250284 0.0126287
internal_weight=25.3325 13.3627 6.89952 11.9699
internal_count=148 93 61 55
is_linear=0
shrinkage=0.05


Tree=175
num_leaves=5
num_cat=0
split_feature=0 0 1 4
split_gain=4.59813 2.02507e-05 1.88048e-05 6.5528e-06
threshold=2.5000000000000004 1.0000000180025095e-35 1.5000000000000002 3.5000000000000004
decision_type=2 2 2 2
left_child=1 -1 3 -3
right_child=-2 2 -4 -5
leaf_value=-0.038606164998923283 0.024896078253750082 -0.039027061635174928 -0.038683099549103178 -0.038850497881489504
leaf_weight=1.2288015708327291 7.646373987197876 0.98888669908046756 1.1668119784444573 1.1213890481740234
leaf_count=38 32 20 32 26
internal_value=0.00128615 -0.0387793 -0.0388442 -0.0389332
internal_weight=12.1523 4.50589 3.27709 2.11028
internal_count=148 116 78 46
is_linear=0
shrinkage=0.05


Tree=176
num_leaves=7
num_cat=0
split_feature=0 1 2 4 2 4
split_gain=2.44757 2.61456 1.63702 0.319246 0.00339708 5.24074e-05
threshold=1.5000000000000002 1.0000000180025095e-35 1.0000000180025095e-35 4.5000000000000009 1.0000000180025095e-35 5.5000000000000009
decision_type=2 2 2 2 2 2
left_child=1 -1 -3 -4 -2 -6
right_child=4 2 3 -5 5 -7
leaf_value=0.036575789197891749 -0.042494972034890249 0.018266114774527348 -0.013080427481318213 -0.035970584023961624 -0.039009318826336355 -0.039573044242748434
leaf_weight=4.9384306818246868 1.6215562876313918 3.6876601725816709 3.2168906703591347 2.8932111505419016 0.87554098572581984 0.77920603007078171
leaf_count=21 17 17 26 20 26 21
internal_value=-0.0017799 0.0069107 -0.00804159 -0.0239192 -0.0408686 -0.0392748
internal_weight=18.0125 14.7362 9.79776 6.1101 3.2763 1.65475
internal_count=148 84 63 46 64 47
is_linear=0
shrinkage=0.05


Tree=177
num_leaves=5
num_cat=0
split_feature=0 4 2 4
split_gain=0.293419 1.27848 0.412056 0.347036
threshold=1.5000000000000002 5.5000000000000009 1.0000000180025095e-35 4.5000000000000009
decision_type=2 2 2 2
left_child=2 -2 -1 -4
right_child=1 -3 3 -5
leaf_value=-0.0070871445751217984 -0.022567188152599345 0.014284726193900379 0.0014932989343885302 0.017111909702066396
leaf_weight=6.7902100384235444 5.7026930879801494 4.0072907079011202 8.817842021584509 5.9607434570789328
leaf_count=27 36 28 33 24
internal_value=-0.000140879 -0.00735848 0.00310839 0.00779286
internal_weight=31.2788 9.70998 21.5688 14.7786
internal_count=148 64 84 57
is_linear=0
shrinkage=0.05


Tree=178
num_leaves=6
num_cat=0
split_feature=4 2 3 0 1
split_gain=1.22622 1.4117 2.42161 1.43222 0.00558956
threshold=1.0000000180025095e-35 1.5000000000000002 1.0000000180025095e-35 1.5000000000000002 1.5000000000000002
decision_type=2 2 2 2 2
left_child=-1 2 -2 -3 -4
right_child=1 3 4 -5 -6
leaf_value=0.027823591867270112 0.0043319823826571489 -0.010684740841760937 -0.040880789676948255 0.02674789823739265 -0.044275823475418488
leaf_weight=3.5932611003518131 6.3853273838758469 4.7018377557396889 2.6703735832124949 5.5973916798830032 2.2204365581274033
leaf_count=15 31 25 39 23 15
internal_value=0.000780355 -0.00372355 -0.0159467 0.00965903 -0.0424221
internal_weight=25.1686 21.5754 11.2761 10.2992 4.89081
internal_count=148 133 85 48 54
is_linear=0
shrinkage=0.05


Tree=179
num_leaves=5
num_cat=0
split_feature=0 0 1 4
split_gain=4.40033 1.87877e-05 1.67082e-05 6.19007e-06
threshold=2.5000000000000004 1.0000000180025095e-35 1.5000000000000002 3.5000000000000004
decision_type=2 2 2 2
left_child=1 -1 3 -3
right_child=-2 2 -4 -5
leaf_value=-0.038562250618407921 0.024441064842170249 -0.038974554495456046 -0.038641991291105751 -0.038799972962210133
leaf_weight=1.1726012248545883 7.5621808767318726 0.95715633407235179 1.1262807101011278 1.0813594069331882
leaf_count=38 32 20 32 26
internal_value=0.00141404 -0.0387332 -0.0387966 -0.0388819
internal_weight=11.8996 4.3374 3.1648 2.03852
internal_count=148 116 78 46
is_linear=0
shrinkage=0.05


Tree=180
num_leaves=6
num_cat=0
split_feature=1 0 4 0 2
split_gain=2.38729 2.26053 1.96265 0.0130065 0.000865789
threshold=1.5000000000000002 1.0000000180025095e-35 4.5000000000000009 1.0000000180025095e-35 1.0000000180025095e-35
decision_type=2 2 2 2 2
left_child=1 -1 -3 -2 -5
right_child=3 2 -4 4 -6
leaf_value=0.024290713108234618 -0.045925204613576943 -0.043572452870111689 0.010884996960170853 -0.040673319330068999 -0.038388864892314321
leaf_weight=8.0907878279685992 1.3104696199297898 3.1630080845206967 3.4691326059401035 0.69711157493293274 1.02396500762552
leaf_count=31 7 39 22 9 40
internal_value=-0.00176709 0.00655253 -0.0150869 -0.042172 -0.0393142
internal_weight=17.7545 14.7229 6.63214 3.03155 1.72108
internal_count=148 92 61 56 49
is_linear=0
shrinkage=0.05


Tree=181
num_leaves=6
num_cat=0
split_feature=0 4 2 4 4
split_gain=0.28753 1.21189 0.352477 0.291834 0.0303811
threshold=1.5000000000000002 3.5000000000000004 1.0000000180025095e-35 4.5000000000000009 6.5000000000000009
decision_type=2 2 2 2 2
left_child=2 -2 -1 -4 -3
right_child=1 4 3 -5 -6
leaf_value=-0.006501070115521407 -0.030514363947944007 0.0023933876073469157 0.0015380399053967315 0.015908365782859694 0.0095492483840717221
leaf_weight=6.7281505763530793 3.5687239430844766 2.7169145178049803 8.7854714989662153 5.9094069153070441 3.2666644006967545
leaf_count=27 22 19 33 24 23
internal_value=-0.000239522 -0.00745375 0.00297723 0.00731693 0.00630005
internal_weight=30.9753 9.5523 21.423 14.6949 5.98358
internal_count=148 64 84 57 42
is_linear=0
shrinkage=0.05


Tree=182
num_leaves=6
num_cat=0
split_feature=2 3 4 4 1
split_gain=1.14579 1.25348 0.810211 0.722089 0.00624801
threshold=1.5000000000000002 1.0000000180025095e-35 2.5000000000000004 4.5000000000000009 1.5000000000000002
decision_type=2 2 2 2 2
left_child=1 -1 -3 -2 -4
right_child=3 2 4 -5 -6
leaf_value=0.0041855947519161872 0.0010372687682719461 -0.0032307974255830923 -0.039829508203253178 0.025816655820874081 -0.044066256700948311
leaf_weight=7.3718842267990112 6.6241010241210461 2.1889953762292862 1.66796132363379 5.2862339876592159 1.8193924948573112
leaf_count=35 32 14 31 23 13
internal_value=0.000822142 -0.0094131 -0.0270738 0.0120352 -0.0420399
internal_weight=24.9586 13.0482 5.67635 11.9103 3.48735
internal_count=148 93 58 55 44
is_linear=0
shrinkage=0.05


Tree=183
num_leaves=5
num_cat=0
split_feature=0 0 1 4
split_gain=4.21185 1.66274e-05 1.51942e-05 5.83397e-06
threshold=2.5000000000000004 1.0000000180025095e-35 1.5000000000000002 3.5000000000000004
decision_type=2 2 2 2
left_child=1 -1 3 -3
right_child=-2 2 -4 -5
leaf_value=-0.038521879580870888 0.024025300824505449 -0.03892118812647144 -0.03859660157998604 -0.038748643227446575
leaf_weight=1.1218626126646993 7.4769104719161987 0.92532782256603252 1.0827670507133007 1.0410475712269542
leaf_count=38 32 20 32 26
internal_value=0.00156883 -0.0386865 -0.038747 -0.0388298
internal_weight=11.6479 4.17101 3.04914 1.96638
internal_count=148 116 78 46
is_linear=0
shrinkage=0.05


Tree=184
num_leaves=7
num_cat=0
split_feature=0 1 2 4 2 4
split_gain=2.28217 2.39359 1.48646 0.297653 0.00297775 5.14447e-05
threshold=1.5000000000000002 1.0000000180025095e-35 1.0000000180025095e-35 4.5000000000000009 1.0000000180025095e-35 5.5000000000000009
decision_type=2 2 2 2 2 2
left_child=1 -1 -3 -4 -2 -6
right_child=4 2 3 -5 5 -7
leaf_value=0.035493005852563896 -0.042311522846157107 0.01729784168727411 -0.012621041398880742 -0.035020441328717122 -0.038931613273905805 -0.039509712986328348
leaf_weight=4.791929408907893 1.5418300777673715 3.6625544428825361 3.1441179849207401 2.807420626282692 0.81363838817924239 0.73021118994802237
leaf_count=21 17 17 26 20 26 21
internal_value=-0.00173389 0.00662467 -0.00776411 -0.0231871 -0.0407573 -0.039205
internal_weight=17.4917 14.406 9.61409 5.95154 3.08568 1.54385
internal_count=148 84 63 46 64 47
is_linear=0
shrinkage=0.05


Tree=185
num_leaves=5
num_cat=0
split_feature=0 4 2 4
split_gain=0.276774 1.14516 0.337384 0.283572
threshold=1.5000000000000002 5.5000000000000009 1.0000000180025095e-35 4.5000000000000009
decision_type=2 2 2 2
left_child=2 -2 -1 -4
right_child=1 -3 3 -5
leaf_value=-0.0064024680085352078 -0.021999731818345164 0.013368243786322287 0.0014663338235000548 0.015672436370996381
leaf_weight=6.6789393872022691 5.5356016475707275 3.9019266683608294 8.7639996856451017 5.8626823723316184
leaf_count=27 36 28 33 24
internal_value=-0.000248773 -0.00737692 0.00290871 0.00716044
internal_weight=30.7431 9.43753 21.3056 14.6267
internal_count=148 64 84 57
is_linear=0
shrinkage=0.05


Tree=186
num_leaves=5
num_cat=0
split_feature=1 3 0 4
split_gain=1.13317 1.63135 0.272338 0.214239
threshold=1.5000000000000002 1.0000000180025095e-35 1.5000000000000002 3.5000000000000004
decision_type=2 2 2 2
left_child=1 -1 -3 -2
right_child=3 2 -4 -5
leaf_value=0.0043697665689803244 0.020023079560679367 -0.043579585517159208 -0.019537529808889585 0.006410493118700138
leaf_weight=7.7277213335037231 4.6548485159873962 2.634049080312252 2.1306953262537718 7.6252676472067833
leaf_count=35 19 35 22 37
internal_value=0.000784544 -0.00981799 -0.0328285 0.0115704
internal_weight=24.7726 12.4925 4.76474 12.2801
internal_count=148 92 57 56
is_linear=0
shrinkage=0.05


Tree=187
num_leaves=5
num_cat=0
split_feature=0 0 1 4
split_gain=4.02089 1.5714e-05 1.4064e-05 6.37151e-06
threshold=2.5000000000000004 1.0000000180025095e-35 1.5000000000000002 3.5000000000000004
decision_type=2 2 2 2
left_child=1 -1 3 -3
right_child=-2 2 -4 -5
leaf_value=-0.038480924264033767 0.023529546974016505 -0.038881950475477364 -0.038556970428022738 -0.038698695818806243
leaf_weight=1.0702484268695114 7.3816736936569214 0.90125242993235599 1.0418474189937115 1.0012920349836347
leaf_count=38 32 20 32 26
internal_value=0.00162699 -0.038645 -0.0387046 -0.0387855
internal_weight=11.3963 4.01464 2.94439 1.90254
internal_count=148 116 78 46
is_linear=0
shrinkage=0.05


Tree=188
num_leaves=6
num_cat=0
split_feature=1 0 4 0 2
split_gain=2.23289 2.11528 1.90079 0.010867 0.000816025
threshold=1.5000000000000002 1.0000000180025095e-35 4.5000000000000009 1.0000000180025095e-35 1.0000000180025095e-35
decision_type=2 2 2 2 2
left_child=1 -1 -3 -2 -5
right_child=3 2 -4 4 -6
leaf_value=0.023637158558091714 -0.045476303225471769 -0.043637005720326888 0.010719455696410363 -0.040602425219729288 -0.038324030797649115
leaf_weight=7.9104412794113177 1.256309159100055 3.0460392693057656 3.4074712023139 0.67513885907828786 0.94038524199277163
leaf_count=31 7 39 22 9 40
internal_value=-0.00174041 0.00630652 -0.0149366 -0.0419885 -0.0392762
internal_weight=17.2358 14.364 6.45351 2.87183 1.61552
internal_count=148 92 61 56 49
is_linear=0
shrinkage=0.05


Tree=189
num_leaves=5
num_cat=0
split_feature=0 4 2 4
split_gain=0.275101 1.08088 0.280264 0.252023
threshold=1.5000000000000002 3.5000000000000004 1.0000000180025095e-35 4.5000000000000009
decision_type=2 2 2 2
left_child=2 -2 -1 -4
right_child=1 -3 3 -5
leaf_value=-0.0056375012770768307 -0.029491842467704522 0.0057091812443714708 0.0013902082391218126 0.014823996620138759
leaf_weight=6.6276715546846452 3.4784721061587316 5.8453763406723738 8.7212998718023282 5.8218493461608878
leaf_count=27 22 42 33 24
internal_value=-0.000267268 -0.00742336 0.00288435 0.00676796
internal_weight=30.4947 9.32385 21.1708 14.5431
internal_count=148 64 84 57
is_linear=0
shrinkage=0.05


Tree=190
num_leaves=5
num_cat=0
split_feature=2 1 4 4
split_gain=1.1424 1.19437 0.711694 0.686617
threshold=1.5000000000000002 1.5000000000000002 4.5000000000000009 4.5000000000000009
decision_type=2 2 2 2
left_child=1 3 -2 -1
right_child=2 -3 -4 -5
leaf_value=-0.01165627147436773 0.0010517783962488724 0.0060085777855972246 0.02579098205005248 -0.045006657587609744
leaf_weight=4.0018640179187059 6.5256938487291336 6.3065286427736282 5.2426450066268444 2.5120926033705473
leaf_count=27 32 32 23 34
internal_value=0.000824037 -0.00950155 0.0120728 -0.0245178
internal_weight=24.5888 12.8205 11.7683 6.51396
internal_count=148 93 55 61
is_linear=0
shrinkage=0.05


Tree=191
num_leaves=5
num_cat=0
split_feature=0 0 1 4
split_gain=3.8194 1.44306e-05 1.37832e-05 6.37779e-06
threshold=2.5000000000000004 1.0000000180025095e-35 1.5000000000000002 3.5000000000000004
decision_type=2 2 2 2
left_child=1 -1 3 -3
right_child=-2 2 -4 -5
leaf_value=-0.038441697477571458 0.022918375045281571 -0.038839634741631102 -0.038511082843368474 -0.038653213056366903
leaf_weight=1.0230559650808575 7.28220434486866 0.87508587911725066 0.99754469096660603 0.96442789770662785
leaf_count=38 32 20 32 26
internal_value=0.00160519 -0.0386027 -0.0386607 -0.0387419
internal_weight=11.1423 3.86011 2.83706 1.83951
internal_count=148 116 78 46
is_linear=0
shrinkage=0.05


Tree=192
num_leaves=6
num_cat=0
split_feature=0 1 3 2 4
split_gain=2.12926 2.18655 1.43268 0.00260408 5.25137e-05
threshold=1.5000000000000002 1.0000000180025095e-35 1.0000000180025095e-35 1.0000000180025095e-35 5.5000000000000009
decision_type=2 2 2 2 2
left_child=1 -1 -3 -2 -5
right_child=3 2 -4 4 -6
leaf_value=0.034373780706500615 -0.042141615254012978 -0.0319475401756548 0.0080301745796830023 -0.038865380213303553 -0.039468211419179951
leaf_weight=4.6453713327646282 1.4662208482623094 3.670621704310177 5.7542421892285347 0.75863246154040076 0.68969261646270752
leaf_count=21 17 30 33 26 21
internal_value=-0.00175894 0.00629835 -0.00753961 -0.0406562 -0.0391524
internal_weight=16.9848 14.0702 9.42486 2.91455 1.44833
internal_count=148 84 63 64 47
is_linear=0
shrinkage=0.05


Tree=193
num_leaves=5
num_cat=0
split_feature=0 4 2 4
split_gain=0.269056 1.02524 0.267993 0.247737
threshold=1.5000000000000002 5.5000000000000009 1.0000000180025095e-35 4.5000000000000009
decision_type=2 2 2 2
left_child=2 -2 -1 -4
right_child=1 -3 3 -5
leaf_value=-0.0054873725365360455 -0.021375961467917551 0.012457123039009069 0.0013389933443197031 0.01468351434771098
leaf_weight=6.5922036916017595 5.4071121383458358 3.8218085039407015 8.7026491314172727 5.7931798994541159
leaf_count=27 36 28 33 24
internal_value=-0.000245088 -0.00736527 0.00287097 0.00667206
internal_weight=30.317 9.22892 21.088 14.4958
internal_count=148 64 84 57
is_linear=0
shrinkage=0.05


Tree=194
num_leaves=6
num_cat=0
split_feature=2 3 4 4 1
split_gain=1.09721 1.17398 1.02691 0.69097 0.00608404
threshold=1.5000000000000002 1.0000000180025095e-35 1.5000000000000002 4.5000000000000009 1.5000000000000002
decision_type=2 2 2 2 2
left_child=1 -1 -3 -2 -4
right_child=3 2 4 -5 -6
leaf_value=0.0038511939031293618 0.00092616867070242643 0.0039571601987010941 -0.039898019771140707 0.025336648895488281 -0.043974385404573463
leaf_weight=7.2166136689484119 6.5036183781921864 1.8122531771659849 1.7404816392809153 5.2304799370467663 1.9307730495929718
leaf_count=35 32 10 34 23 14
internal_value=0.000784306 -0.0094001 -0.0268396 0.0118072 -0.0420418
internal_weight=24.4342 12.7001 5.48351 11.7341 3.67125
internal_count=148 93 58 55 48
is_linear=0
shrinkage=0.05


Tree=195
num_leaves=5
num_cat=0
split_feature=0 0 1 4
split_gain=3.64978 1.38773e-05 1.34907e-05 6.76816e-06
threshold=2.5000000000000004 1.0000000180025095e-35 1.5000000000000002 3.5000000000000004
decision_type=2 2 2 2
left_child=1 -1 3 -3
right_child=-2 2 -4 -5
leaf_value=-0.038403624481299359 0.022453265260940714 -0.03880604591654542 -0.038471743529816298 -0.038611095898269832
leaf_weight=0.97593499347567592 7.1925079971551895 0.8541023060679438 0.95714946463704098 0.92995825596153736
leaf_count=38 32 20 32 26
internal_value=0.00166289 -0.0385655 -0.0386232 -0.0387044
internal_weight=10.9097 3.71715 2.74121 1.78406
internal_count=148 116 78 46
is_linear=0
shrinkage=0.05


Tree=196
num_leaves=6
num_cat=0
split_feature=1 0 4 0 2
split_gain=2.0895 1.9404 1.83765 0.0091909 0.000712739
threshold=1.5000000000000002 1.0000000180025095e-35 4.5000000000000009 1.0000000180025095e-35 1.0000000180025095e-35
decision_type=2 2 2 2 2
left_child=1 -1 -3 -2 -5
right_child=3 2 -4 4 -6
leaf_value=0.022733871207581923 -0.04505149008689166 -0.043637198915908532 0.010613686356785845 -0.040464628353217375 -0.038269814595963673
leaf_weight=7.7802283763885516 1.2105892449617379 2.9202856812626123 3.3534374684095383 0.64486177824437596 0.86747423559427261
leaf_count=31 7 39 22 9 40
internal_value=-0.00171647 0.00605054 -0.014639 -0.0418047 -0.0392057
internal_weight=16.7769 14.054 6.27372 2.72293 1.51234
internal_count=148 92 61 56 49
is_linear=0
shrinkage=0.05


Tree=197
num_leaves=5
num_cat=0
split_feature=0 4 2 4
split_gain=0.270812 0.953642 0.253408 0.235344
threshold=1.5000000000000002 3.5000000000000004 1.0000000180025095e-35 4.5000000000000009
decision_type=2 2 2 2
left_child=2 -2 -1 -4
right_child=1 -3 3 -5
leaf_value=-0.0052894029221878715 -0.0283987804552812 0.005047397524315541 0.0013696985481500199 0.014413613388076538
leaf_weight=6.5602902024984422 3.4056341759860498 5.6954397391527891 8.6862732470035535 5.7451781928539267
leaf_count=27 22 42 33 24
internal_value=-0.000264594 -0.00746821 0.00285857 0.0065625
internal_weight=30.0928 9.10107 20.9917 14.4315
internal_count=148 64 84 57
is_linear=0
shrinkage=0.05


Tree=198
num_leaves=5
num_cat=0
split_feature=2 1 4 4
split_gain=1.05488 1.15368 0.669343 0.640492
threshold=1.5000000000000002 1.5000000000000002 4.5000000000000009 4.5000000000000009
decision_type=2 2 2 2
left_child=1 3 -2 -1
right_child=2 -3 -4 -5
leaf_value=-0.012013894072393972 0.00083631612796925393 0.006005443551961951 0.024901739932282941 -0.044845876458964748
leaf_weight=3.9693439658731222 6.4779542274773121 6.2190833576023579 5.2157355062663555 2.3738107439130545
leaf_count=27 32 32 23 34
internal_value=0.000762863 -0.00929727 0.0115702 -0.0243007
internal_weight=24.2559 12.5622 11.6937 6.34315
internal_count=148 93 55 61
is_linear=0
shrinkage=0.05


Tree=199
num_leaves=5
num_cat=0
split_feature=0 0 1 4
split_gain=3.48409 1.27986e-05 1.23192e-05 6.32826e-06
threshold=2.5000000000000004 1.0000000180025095e-35 1.5000000000000002 3.5000000000000004
decision_type=2 2 2 2
left_child=1 -1 3 -3
right_child=-2 2 -4 -5
leaf_value=-0.038368380225149074 0.021981477454406668 -0.038762332938078237 -0.038436046978800396 -0.038570601470366644
leaf_weight=0.93303081113845143 7.1009061336517334 0.82741701602935813 0.92022285237908352 0.89684139937162399
leaf_count=38 32 20 32 26
internal_value=0.00170957 -0.0385276 -0.0385838 -0.0386626
internal_weight=10.6784 3.57751 2.64448 1.72426
internal_count=148 116 78 46
is_linear=0
shrinkage=0.05


Tree=200
num_leaves=6
num_cat=0
split_feature=0 1 3 2 4
split_gain=1.99445 2.00976 1.3491 0.00228817 5.39961e-05
threshold=1.5000000000000002 1.0000000180025095e-35 1.0000000180025095e-35 1.0000000180025095e-35 5.5000000000000009
decision_type=2 2 2 2 2
left_child=1 -1 -3 -2 -5
right_child=3 2 -4 4 -6
leaf_value=0.0334097256286469 -0.041985980962788653 -0.031445713588051739 0.0077716513318496208 -0.038801627238703812 -0.039432423354287996
leaf_weight=4.5100357532501247 1.3961674161255353 3.5593653600662929 5.7123176008462906 0.70763150230050065 0.65168474614620209
leaf_count=21 17 30 33 26 21
internal_value=-0.00173112 0.00603309 -0.00728375 -0.0405643 -0.039104
internal_weight=16.5372 13.7817 9.27168 2.75548 1.35932
internal_count=148 84 63 64 47
is_linear=0
shrinkage=0.05


Tree=201
num_leaves=5
num_cat=0
split_feature=0 4 2 0
split_gain=0.264988 0.915221 0.242716 0.23743
threshold=1.5000000000000002 5.5000000000000009 1.0000000180025095e-35 1.0000000180025095e-35
decision_type=2 2 2 2
left_child=2 -2 -1 -4
right_child=1 -3 3 -5
leaf_value=-0.0051533272028079762 -0.020788198710840467 0.011571598914373104 0.013406174840807722 0.00052132608612216833
leaf_weight=6.5261979103088406 5.2862139176577347 3.7245151493698359 6.6440592408180219 7.7409431040287018
leaf_count=27 36 28 25 32
internal_value=-0.000244534 -0.00741253 0.00284419 0.0064725
internal_weight=29.9219 9.01073 20.9112 14.385
internal_count=148 64 84 57
is_linear=0
shrinkage=0.05


Tree=202
num_leaves=6
num_cat=0
split_feature=2 3 4 0 1
split_gain=1.01437 1.12183 0.958578 0.661383 0.00554085
threshold=1.5000000000000002 1.0000000180025095e-35 1.5000000000000002 1.5000000000000002 1.5000000000000002
decision_type=2 2 2 2 2
left_child=1 -1 -3 -2 -4
right_child=3 2 4 -5 -6
leaf_value=0.0037902330740771 -0.00017004892743683231 0.0026256087924066487 -0.039811651639287765 0.023661434059457035 -0.043806741652464801
leaf_weight=7.1156348884105682 6.0384264141321182 1.8430775497108696 1.6207304280251265 5.621767096221447 1.8683971390128136
leaf_count=35 31 10 34 24 14
internal_value=0.000722955 -0.00920346 -0.0265431 0.0113199 -0.041951
internal_weight=24.108 12.4478 5.33221 11.6602 3.48913
internal_count=148 93 58 55 48
is_linear=0
shrinkage=0.05


Tree=203
num_leaves=5
num_cat=0
split_feature=0 4 2 2
split_gain=3.33152 1.24825e-05 5.68435e-06 5.48024e-07
threshold=2.5000000000000004 4.5000000000000009 1.0000000180025095e-35 1.5000000000000002
decision_type=2 2 2 2
left_child=1 3 -3 -1
right_child=-2 2 -4 -5
leaf_value=-0.038596417011273323 0.021542653073927991 -0.038503174715811779 -0.038301288574462196 -0.038543026064853332
leaf_weight=1.1832411261275413 7.0161931067705154 0.5809753844514487 0.871957091614604 0.80939043685793866
leaf_count=35 32 20 36 25
internal_value=0.00176985 -0.0384935 -0.038382 -0.0385747
internal_weight=10.4618 3.44556 1.45293 1.99263
internal_count=148 116 56 60
is_linear=0
shrinkage=0.05


Tree=204
num_leaves=6
num_cat=0
split_feature=1 0 4 0 2
split_gain=1.96465 1.79374 1.77428 0.00779488 0.000624514
threshold=1.5000000000000002 1.0000000180025095e-35 4.5000000000000009 1.0000000180025095e-35 1.0000000180025095e-35
decision_type=2 2 2 2 2
left_child=1 -1 -3 -2 -5
right_child=3 2 -4 4 -6
leaf_value=0.021974835282741665 -0.044657318478445264 -0.043650686339832712 0.010457043424503931 -0.040338897780572494 -0.038223471375577536
leaf_weight=7.6615176647901553 1.1661847308278077 2.7987655978649855 3.3034068029373884 0.61615671776235081 0.80432276986539364
leaf_count=31 7 39 22 9 40
internal_value=-0.00164775 0.0058659 -0.0143595 -0.041628 -0.0391411
internal_weight=16.3504 13.7637 6.10217 2.58666 1.42048
internal_count=148 92 61 56 49
is_linear=0
shrinkage=0.05


Tree=205
num_leaves=5
num_cat=0
split_feature=0 3 2 0
split_gain=0.258375 0.853964 0.225549 0.233317
threshold=1.5000000000000002 1.0000000180025095e-35 1.0000000180025095e-35 1.0000000180025095e-35
decision_type=2 2 2 2
left_child=2 -2 -1 -4
right_child=1 -3 3 -5
leaf_value=-0.0049746257413680163 -0.026626609856999398 0.0050938389470160123 0.01314250073719957 0.00035185228450003187
leaf_weight=6.4953519552946117 3.5058953221887368 5.3743800893425941 6.6216416954994184 7.7245195358991623
leaf_count=27 29 35 25 32
internal_value=-0.000287432 -0.00742926 0.0027556 0.00625553
internal_weight=29.7218 8.88028 20.8415 14.3462
internal_count=148 64 84 57
is_linear=0
shrinkage=0.05


Tree=206
num_leaves=6
num_cat=0
split_feature=4 2 3 0 4
split_gain=0.995379 1.12705 2.11812 1.35229 0.00353232
threshold=1.0000000180025095e-35 1.5000000000000002 1.0000000180025095e-35 1.5000000000000002 4.5000000000000009
decision_type=2 2 2 2 2
left_child=-1 2 -2 -3 -4
right_child=1 3 4 -5 -6
leaf_value=0.025040516723162154 0.0037160178313821197 -0.011603544941459834 -0.043609306276422788 0.025230585701346175 -0.040719754075157627
leaf_weight=3.5656035393476513 6.0966337807476521 4.6013954617083073 2.2727917470037937 5.4349572062492371 1.9781916905194519
leaf_count=15 31 25 20 23 34
internal_value=0.000668407 -0.00359481 -0.0151737 0.00834314 -0.0422647
internal_weight=23.9496 20.384 10.3476 10.0364 4.25098
internal_count=148 133 85 48 54
is_linear=0
shrinkage=0.05


Tree=207
num_leaves=5
num_cat=0
split_feature=0 4 2 2
split_gain=3.19463 1.16747e-05 5.1832e-06 6.91892e-07
threshold=2.5000000000000004 4.5000000000000009 1.0000000180025095e-35 1.5000000000000002
decision_type=2 2 2 2
left_child=1 3 -3 -1
right_child=-2 2 -4 -5
leaf_value=-0.038562603898494058 0.021184494039251201 -0.038465945255193562 -0.038269143847879133 -0.038501505176605881
leaf_weight=1.1468263100832703 6.9430738091468811 0.55776952300220706 0.83605580404400826 0.77748452499508847
leaf_count=35 32 20 36 25
internal_value=0.00189805 -0.0384581 -0.0383479 -0.0385379
internal_weight=10.2612 3.31814 1.39383 1.92431
internal_count=148 116 56 60
is_linear=0
shrinkage=0.05


Tree=208
num_leaves=6
num_cat=0
split_feature=1 0 4 0 2
split_gain=1.88239 1.70097 1.69519 0.0068632 0.000567785
threshold=1.5000000000000002 1.0000000180025095e-35 4.5000000000000009 1.0000000180025095e-35 1.0000000180025095e-35
decision_type=2 2 2 2 2
left_child=1 -1 -3 -2 -5
right_child=3 2 -4 4 -6
leaf_value=0.021441964052965046 -0.044356371829244658 -0.043494292742150074 0.0098517320083301666 -0.040249581456739812 -0.03819536514836222
leaf_weight=7.6118043661117571 1.1306878849863999 2.7052989443764091 3.312851982191205 0.59665572457015492 0.77112195920199156
leaf_count=31 7 39 22 9 40
internal_value=-0.00157717 0.00573621 -0.0141285 -0.0414741 -0.0390915
internal_weight=16.1284 13.63 6.01815 2.49847 1.36778
internal_count=148 92 61 56 49
is_linear=0
shrinkage=0.05


Tree=209
num_leaves=5
num_cat=0
split_feature=0 4 2 0
split_gain=0.245688 0.869148 0.215966 0.236989
threshold=1.5000000000000002 5.5000000000000009 1.0000000180025095e-35 1.0000000180025095e-35
decision_type=2 2 2 2
left_child=2 -2 -1 -4
right_child=1 -3 3 -5
leaf_value=-0.0049598057996293084 -0.020622195890372327 0.011417648696009917 0.013013535123263845 0.00010161830966481953
leaf_weight=6.4481789916753796 5.1147816237062234 3.6110348422080278 6.6012159436941129 7.6978857964277267
leaf_count=27 36 28 25 32
internal_value=-0.000323781 -0.00736304 0.00263676 0.00606244
internal_weight=29.4731 8.72582 20.7473 14.2991
internal_count=148 64 84 57
is_linear=0
shrinkage=0.05


Tree=210
num_leaves=5
num_cat=0
split_feature=1 3 0 4
split_gain=0.992448 1.39654 0.272307 0.149843
threshold=1.5000000000000002 1.0000000180025095e-35 1.5000000000000002 3.5000000000000004
decision_type=2 2 2 2
left_child=1 -1 -3 -2
right_child=3 2 -4 -5
leaf_value=0.0034267406229843175 0.017878283410434986 -0.043708145635213046 -0.018591689257854697 0.0063475887673365185
leaf_weight=7.4795296676456928 4.5732342749834061 2.3569560945034027 1.9905337598174808 7.3389174491167068
leaf_count=35 19 35 22 37
internal_value=0.000587672 -0.00967236 -0.0322084 0.0107744
internal_weight=23.7392 11.827 4.34749 11.9122
internal_count=148 92 57 56
is_linear=0
shrinkage=0.05


Tree=211
num_leaves=5
num_cat=0
split_feature=0 0 1 4
split_gain=3.06876 1.03691e-05 9.73177e-06 5.5988e-06
threshold=2.5000000000000004 1.0000000180025095e-35 1.5000000000000002 3.5000000000000004
decision_type=2 2 2 2
left_child=1 -1 3 -3
right_child=-2 2 -4 -5
leaf_value=-0.038269766025962139 0.020886399914037491 -0.0386477836996423 -0.03833731719029846 -0.038458239438962705
leaf_weight=0.81209919042885337 6.8808212280273438 0.7551878094673159 0.82090008817613114 0.80476864241063595
leaf_count=38 32 20 32 26
internal_value=0.00208753 -0.038424 -0.0384767 -0.03855
internal_weight=10.0738 3.19296 2.38086 1.55996
internal_count=148 116 78 46
is_linear=0
shrinkage=0.05


Tree=212
num_leaves=7
num_cat=0
split_feature=0 1 2 4 2 4
split_gain=1.83835 1.81372 1.30488 0.288207 0.00197783 6.71179e-05
threshold=1.5000000000000002 1.0000000180025095e-35 1.0000000180025095e-35 4.5000000000000009 1.0000000180025095e-35 5.5000000000000009
decision_type=2 2 2 2 2 2
left_child=1 -1 -3 -4 -2 -6
right_child=4 2 3 -5 5 -7
leaf_value=0.032496068120401234 -0.041835373017516081 0.017019774285856774 -0.01107663809520908 -0.033930415592775105 -0.038684051238177621 -0.039420287089249856
leaf_weight=4.330090939998624 1.3060095682740223 3.5013243779540062 2.8891203459352255 2.6401722636073828 0.62894650222733595 0.60959489271044731
leaf_count=21 17 17 26 20 26 21
internal_value=-0.00152649 0.00589181 -0.00686466 -0.021989 -0.0404779 -0.0390464
internal_weight=15.9053 13.3607 9.03062 5.52929 2.54455 1.23854
internal_count=148 84 63 46 64 47
is_linear=0
shrinkage=0.05


Tree=213
num_leaves=5
num_cat=0
split_feature=0 4 4 2
split_gain=0.235589 0.837877 0.21872 0.164609
threshold=1.5000000000000002 3.5000000000000004 1.5000000000000002 1.5000000000000002
decision_type=2 2 2 2
left_child=2 -2 -1 -4
right_child=1 -3 3 -5
leaf_value=0.01056979117782051 -0.027302485901065671 0.0048441485757348603 -0.0046986705293912195 0.0063745079081092759
leaf_weight=6.0953512042760876 3.2433127854019421 5.4048745650798082 9.3191916048526746 5.2452361285686484
leaf_count=24 22 42 39 21
internal_value=-0.000282992 -0.00721174 0.00261738 -0.000710774
internal_weight=29.308 8.64819 20.6598 14.5644
internal_count=148 64 84 60
is_linear=0
shrinkage=0.05


Tree=214
num_leaves=5
num_cat=0
split_feature=2 1 4 4
split_gain=0.9768 1.06282 0.690404 0.585125
threshold=1.5000000000000002 1.5000000000000002 4.5000000000000009 4.5000000000000009
decision_type=2 2 2 2
left_child=1 3 -2 -1
right_child=2 -3 -4 -5
leaf_value=-0.012558883470817154 -8.0494127945705753e-05 0.0053777786731309058 0.02458145967243535 -0.044987944704987619
leaf_weight=3.8530559651553631 6.3376045264303684 6.0648123472929001 5.1389580219984055 2.1768249813467264
leaf_count=27 32 32 23 34
internal_value=0.000513643 -0.00940129 0.0109626 -0.024266
internal_weight=23.5713 12.0947 11.4766 6.02988
internal_count=148 93 55 61
is_linear=0
shrinkage=0.05


Tree=215
num_leaves=5
num_cat=0
split_feature=0 4 2 2
split_gain=2.92438 1.03316e-05 4.18009e-06 7.09227e-07
threshold=2.5000000000000004 4.5000000000000009 1.0000000180025095e-35 1.5000000000000002
decision_type=2 2 2 2
left_child=1 3 -3 -1
right_child=-2 2 -4 -5
leaf_value=-0.038496147453278853 0.020368239222821976 -0.038394922358074964 -0.038210766800850685 -0.038431976180557582
leaf_weight=1.0711584566161039 6.8003966361284256 0.513879216276109 0.76968446932733059 0.71997690480202425
leaf_count=35 32 20 36 25
internal_value=0.00207248 -0.0383928 -0.0382845 -0.0384704
internal_weight=9.8751 3.0747 1.28356 1.79114
internal_count=148 116 56 60
is_linear=0
shrinkage=0.05


Tree=216
num_leaves=6
num_cat=0
split_feature=1 0 4 0 2
split_gain=1.75997 1.60872 1.63208 0.00573381 0.000525205
threshold=1.5000000000000002 1.0000000180025095e-35 4.5000000000000009 1.0000000180025095e-35 1.0000000180025095e-35
decision_type=2 2 2 2 2
left_child=1 -1 -3 -2 -5
right_child=3 2 -4 4 -6
leaf_value=0.020866878514805856 -0.043997123686739206 -0.043573990839154052 0.00947038159597954 -0.040180543551314472 -0.03814913171728268
leaf_weight=7.4667817801237089 1.0803097784519207 2.6107619926333427 3.2619081679731607 0.57528181467205264 0.71194903459399939
leaf_count=31 7 39 22 9 40
internal_value=-0.0015832 0.00546789 -0.0141111 -0.0413112 -0.039057
internal_weight=15.707 13.3395 5.87267 2.36754 1.28723
internal_count=148 92 61 56 49
is_linear=0
shrinkage=0.05


Tree=217
num_leaves=6
num_cat=0
split_feature=4 4 4 4 2
split_gain=0.767872 1.40303 0.316281 0.143301 0.0670346
threshold=1.0000000180025095e-35 1.5000000000000002 6.5000000000000009 7.5000000000000009 1.5000000000000002
decision_type=2 2 2 2 2
left_child=-1 -2 4 -4 -3
right_child=1 2 3 -5 -6
leaf_value=-0.021951496440314213 0.028134510167780277 -0.0051686821323713352 0.01029707245995129 -0.0022289131527397248 -0.012929896004615901
leaf_weight=3.5986746940761831 4.4776729345321682 7.4625679440796393 4.7706295512616617 4.3793788179755211 4.435917055234313
leaf_count=15 22 37 23 27 24
internal_value=-0.000329083 0.00271924 -0.00268738 0.00430188 -0.00806217
internal_weight=29.1248 25.5262 21.0485 9.15001 11.8985
internal_count=148 133 111 50 61
is_linear=0
shrinkage=0.05


Tree=218
num_leaves=5
num_cat=0
split_feature=2 1 4 4
split_gain=0.93524 1.01095 0.650986 0.57013
threshold=1.5000000000000002 1.5000000000000002 4.5000000000000009 4.5000000000000009
decision_type=2 2 2 2
left_child=1 3 -2 -1
right_child=2 -3 -4 -5
leaf_value=-0.012352146927174554 7.4304561268743544e-05 0.0051998801509935376 0.024052159311719924 -0.044749779600396666
leaf_weight=3.8330166563391685 6.3192449137568474 6.0613353475928307 5.1275403723120689 2.1030212203040719
leaf_count=27 32 32 23 34
internal_value=0.000591212 -0.00916346 0.0108151 -0.02383
internal_weight=23.4442 11.9974 11.4468 5.93604
internal_count=148 93 55 61
is_linear=0
shrinkage=0.05


Tree=219
num_leaves=5
num_cat=0
split_feature=0 4 2 2
split_gain=2.79635 9.49828e-06 3.58348e-06 7.88512e-07
threshold=2.5000000000000004 4.5000000000000009 1.0000000180025095e-35 1.5000000000000002
decision_type=2 2 2 2
left_child=1 3 -3 -1
right_child=-2 2 -4 -5
leaf_value=-0.038464841142683052 0.019960525632576252 -0.038360119237593332 -0.038186054832018292 -0.038395912486041996
leaf_weight=1.0353333419188859 6.7213373333215714 0.49216189607977845 0.74065512511879206 0.69236801471561182
leaf_count=35 32 20 36 25
internal_value=0.00212679 -0.0383616 -0.0382555 -0.0384372
internal_weight=9.68186 2.96052 1.23282 1.7277
internal_count=148 116 56 60
is_linear=0
shrinkage=0.05


Tree=220
num_leaves=6
num_cat=0
split_feature=0 1 3 2 4
split_gain=1.70778 1.68437 1.28248 0.00170828 7.58187e-05
threshold=1.5000000000000002 1.0000000180025095e-35 1.0000000180025095e-35 1.0000000180025095e-35 5.5000000000000009
decision_type=2 2 2 2 2
left_child=1 -1 -3 -2 -5
right_child=3 2 -4 4 -6
leaf_value=0.031554592841532024 -0.041678450179002957 -0.031469553476106804 0.0078001794438167047 -0.038606413657186728 -0.039413541516932285
leaf_weight=4.2031899690628025 1.2386856535449635 3.3176411371678114 5.5691988430917263 0.58097607642412163 0.58286322839558125
leaf_count=21 17 30 33 26 21
internal_value=-0.00163708 0.00547485 -0.00686002 -0.0403861 -0.0390106
internal_weight=15.4926 13.09 8.88684 2.40252 1.16384
internal_count=148 84 63 64 47
is_linear=0
shrinkage=0.05


Tree=221
num_leaves=6
num_cat=0
split_feature=4 4 4 4 4
split_gain=0.720221 1.27118 0.304947 0.127761 0.0669271
threshold=1.0000000180025095e-35 1.5000000000000002 6.5000000000000009 7.5000000000000009 3.5000000000000004
decision_type=2 2 2 2 2
left_child=-1 -2 4 -4 -3
right_child=1 2 3 -5 -6
leaf_value=-0.021328736391485522 0.026815325407071773 -0.012290302815820109 0.010026520096694323 -0.0018397227496641938 -0.0046564190668027475
leaf_weight=3.5737369097769287 4.4800625666976002 4.910058945417406 4.7442227751016599 4.3466040659695864 6.9140471797436476
leaf_count=15 22 23 23 27 38
internal_value=-0.000312691 0.00264481 -0.00253261 0.0043529 -0.00782645
internal_weight=28.9687 25.395 20.9149 9.09083 11.8241
internal_count=148 133 111 50 61
is_linear=0
shrinkage=0.05


Tree=222
num_leaves=6
num_cat=0
split_feature=2 3 4 4 1
split_gain=0.875137 1.00309 0.863968 0.629904 0.00489744
threshold=1.5000000000000002 1.0000000180025095e-35 1.5000000000000002 4.5000000000000009 1.5000000000000002
decision_type=2 2 2 2 2
left_child=1 -1 -3 -2 -4
right_child=3 2 4 -5 -6
leaf_value=0.0034323646779068646 -0.0001277616408618088 0.0012113470380655297 -0.039627031123268458 0.02350105969231105 -0.043602283794888931
leaf_weight=6.893122561275959 6.2989830449223518 1.8428721111267803 1.3680783780291677 5.1075693070888519 1.78656305372715
leaf_count=35 32 10 34 23 14
internal_value=0.000558414 -0.008933 -0.0259887 0.0104526 -0.0418783
internal_weight=23.2972 11.8906 4.99751 11.4066 3.15464
internal_count=148 93 58 55 48
is_linear=0
shrinkage=0.05


Tree=223
num_leaves=5
num_cat=0
split_feature=0 4 2 2
split_gain=2.6809 8.86393e-06 3.08102e-06 6.47603e-07
threshold=2.5000000000000004 4.5000000000000009 1.0000000180025095e-35 1.5000000000000002
decision_type=2 2 2 2
left_child=1 3 -3 -1
right_child=-2 2 -4 -5
leaf_value=-0.038430915945463967 0.019622949787188339 -0.038325504875264788 -0.038160674852885955 -0.038367338422097157
leaf_weight=0.99847820028662704 6.6575692892074585 0.47168228588998296 0.71063628606498241 0.6688374001532793
leaf_count=35 32 20 36 25
internal_value=0.00225212 -0.0383312 -0.0382264 -0.0384054
internal_weight=9.5072 2.84963 1.18232 1.66732
internal_count=148 116 56 60
is_linear=0
shrinkage=0.05


Tree=224
num_leaves=6
num_cat=0
split_feature=1 0 4 0 2
split_gain=1.64972 1.44318 1.58102 0.00494349 0.000451567
threshold=1.5000000000000002 1.0000000180025095e-35 4.5000000000000009 1.0000000180025095e-35 1.0000000180025095e-35
decision_type=2 2 2 2 2
left_child=1 -1 -3 -2 -5
right_child=3 2 -4 4 -6
leaf_value=0.019780435229732701 -0.043691688959631103 -0.043645660508526612 0.0094578069718780564 -0.040055376621187654 -0.038116465493740745
leaf_weight=7.3692547678947431 1.0401686131954204 2.4878204949200153 3.2102648988366127 0.54814065806567647 0.66413173684850335
leaf_count=31 7 39 22 9 40
internal_value=-0.00164301 0.00516911 -0.0137275 -0.0411629 -0.0389932
internal_weight=15.3198 13.0673 5.69809 2.25244 1.21227
internal_count=148 92 61 56 49
is_linear=0
shrinkage=0.05


Tree=225
num_leaves=6
num_cat=0
split_feature=4 4 4 4 4
split_gain=0.666723 1.17351 0.284536 0.112887 0.061098
threshold=1.0000000180025095e-35 1.5000000000000002 6.5000000000000009 7.5000000000000009 3.5000000000000004
decision_type=2 2 2 2 2
left_child=-1 -2 4 -4 -3
right_child=1 2 3 -5 -6
leaf_value=-0.020625904183941998 0.025697405064616149 -0.011902810700135305 0.009542971138147326 -0.0016673010987582589 -0.0045827472923242038
leaf_weight=3.5495471451431539 4.4887667372822788 4.8852634467184561 4.700380824506281 4.3001908846199512 6.8443922996520996
leaf_count=15 22 23 23 27 38
internal_value=-0.000336881 0.00251878 -0.00250015 0.00418705 -0.00763147
internal_weight=28.7685 25.219 20.7302 9.00057 11.7297
internal_count=148 133 111 50 61
is_linear=0
shrinkage=0.05


Tree=226
num_leaves=6
num_cat=0
split_feature=2 3 4 0 1
split_gain=0.829674 0.95001 0.841495 0.641429 0.00436945
threshold=1.5000000000000002 1.0000000180025095e-35 1.5000000000000002 1.5000000000000002 1.5000000000000002
decision_type=2 2 2 2 2
left_child=1 -1 -3 -2 -4
right_child=3 2 4 -5 -6
leaf_value=0.0032160511244760399 -0.001265386322202528 0.0011270149959974707 -0.039558163611679388 0.02250450987112735 -0.043381127355935328
leaf_weight=6.8825258910655975 5.8886718153953552 1.8351215105503795 1.3147983308881521 5.4786791503429413 1.7320250757038593
leaf_count=35 31 10 34 24 14
internal_value=0.000557591 -0.00875054 -0.0256209 0.0101909 -0.0417314
internal_weight=23.1318 11.7645 4.88194 11.3674 3.04682
internal_count=148 93 58 55 48
is_linear=0
shrinkage=0.05


Tree=227
num_leaves=5
num_cat=0
split_feature=0 4 3 2
split_gain=2.56625 8.03277e-06 6.27436e-06 5.32761e-07
threshold=2.5000000000000004 4.5000000000000009 1.0000000180025095e-35 1.5000000000000002
decision_type=2 2 2 2
left_child=1 3 -3 -1
right_child=-2 2 -4 -5
leaf_value=-0.038395827407300798 0.019267113222232998 -0.03835926307958628 -0.038112452786716162 -0.038337097526954654
leaf_weight=0.96214660257101081 6.589275524020195 0.39525362476706483 0.73886853829026222 0.64502069540321827
leaf_count=35 32 17 39 25
internal_value=0.00235398 -0.0383004 -0.0381985 -0.0383723
internal_weight=9.33056 2.74129 1.13412 1.60717
internal_count=148 116 56 60
is_linear=0
shrinkage=0.05


Tree=228
num_leaves=6
num_cat=0
split_feature=1 0 4 0 2
split_gain=1.57849 1.34464 1.52003 0.00442979 0.000405288
threshold=1.5000000000000002 1.0000000180025095e-35 4.5000000000000009 1.0000000180025095e-35 1.0000000180025095e-35
decision_type=2 2 2 2 2
left_child=1 -1 -3 -2 -5
right_child=3 2 -4 4 -6
leaf_value=0.01906902212128983 -0.043465095294660215 -0.043526236977851782 0.0090529629535156288 -0.039965759229045765 -0.038096140181377067
leaf_weight=7.3256654143333417 1.0097298622131359 2.403145169839263 3.2114601749926805 0.53057781048119046 0.63892278540879488
leaf_count=31 7 39 22 9 40
internal_value=-0.00167114 0.00495868 -0.0134518 -0.041039 -0.0389443
internal_weight=15.1195 12.9403 5.61461 2.17923 1.1695
internal_count=148 92 61 56 49
is_linear=0
shrinkage=0.05


Tree=229
num_leaves=6
num_cat=0
split_feature=4 4 4 4 4
split_gain=0.626351 1.08637 0.272847 0.101287 0.0567965
threshold=1.0000000180025095e-35 1.5000000000000002 6.5000000000000009 7.5000000000000009 3.5000000000000004
decision_type=2 2 2 2 2
left_child=-1 -2 4 -4 -3
right_child=1 2 3 -5 -6
leaf_value=-0.020098628129559652 0.024701895412338363 -0.011636900395290646 0.0091999862568426741 -0.0014540001042045191 -0.0045493911433110781
leaf_weight=3.5262531898915794 4.4861421063542393 4.8465919494628924 4.6724033206701261 4.2691333759576082 6.782264968380332
leaf_count=15 22 23 23 27 38
internal_value=-0.000368487 0.00240817 -0.00245381 0.00411324 -0.00750327
internal_weight=28.5828 25.0565 20.5704 8.94154 11.6289
internal_count=148 133 111 50 61
is_linear=0
shrinkage=0.05


Tree=230
num_leaves=5
num_cat=0
split_feature=1 3 0 4
split_gain=0.803195 1.28384 0.286644 0.123472
threshold=1.5000000000000002 1.0000000180025095e-35 1.5000000000000002 3.5000000000000004
decision_type=2 2 2 2
left_child=1 -1 -3 -2
right_child=3 2 -4 -5
leaf_value=0.0035769393214932742 0.016210078355585172 -0.043857074064889728 -0.017105564731614613 0.0056507515425124446
leaf_weight=7.2832115218043327 4.5194919556379318 2.1832206947728992 1.8497557211667297 7.1454240866005421
leaf_count=35 19 35 22 37
internal_value=0.000535185 -0.00895524 -0.0315873 0.00974189
internal_weight=22.9811 11.3162 4.03298 11.6649
internal_count=148 92 57 56
is_linear=0
shrinkage=0.05


Tree=231
num_leaves=5
num_cat=0
split_feature=0 4 3 2
split_gain=2.46952 7.44016e-06 5.59143e-06 4.99483e-07
threshold=2.5000000000000004 4.5000000000000009 1.0000000180025095e-35 1.5000000000000002
decision_type=2 2 2 2
left_child=1 3 -3 -1
right_child=-2 2 -4 -5
leaf_value=-0.038365266252211302 0.019033241695203852 -0.038326424096722628 -0.038088644048397124 -0.038307342071439876
leaf_weight=0.9283651337027552 6.5401779115200043 0.37947028689086415 0.70948915369808674 0.62120063696056604
leaf_count=35 32 17 39 25
internal_value=0.00256028 -0.0382717 -0.0381715 -0.038342
internal_weight=9.1787 2.63853 1.08896 1.54957
internal_count=148 116 56 60
is_linear=0
shrinkage=0.05


Tree=232
num_leaves=7
num_cat=0
split_feature=0 1 2 4 2 4
split_gain=1.53498 1.53857 1.29202 0.290426 0.00143602 9.43309e-05
threshold=1.5000000000000002 1.0000000180025095e-35 1.0000000180025095e-35 4.5000000000000009 1.0000000180025095e-35 5.5000000000000009
decision_type=2 2 2 2 2 2
left_child=1 -1 -3 -4 -2 -6
right_child=4 2 3 -5 5 -7
leaf_value=0.030478388940014745 -0.041504894895622223 0.017314750972333672 -0.01094655346586138 -0.034339637875803068 -0.03845399096303654 -0.039400649042187555
leaf_weight=4.0309952795505497 1.145844390615822 3.3703265339136124 2.7428059875965118 2.5699514644220471 0.50416105287149526 0.55048348382115364
leaf_count=21 17 17 26 20 26 21
internal_value=-0.00172284 0.00495035 -0.00690067 -0.0222625 -0.0402795 -0.0389481
internal_weight=14.9146 12.7141 8.68308 5.31276 2.20049 1.05464
internal_count=148 84 63 46 64 47
is_linear=0
shrinkage=0.05


Tree=233
num_leaves=6
num_cat=0
split_feature=4 4 4 4 4
split_gain=0.580788 0.995741 0.265447 0.0919583 0.0556882
threshold=1.0000000180025095e-35 1.5000000000000002 6.5000000000000009 7.5000000000000009 3.5000000000000004
decision_type=2 2 2 2 2
left_child=-1 -2 4 -4 -3
right_child=1 2 3 -5 -6
leaf_value=-0.019409140089979383 0.023724237539874217 -0.011443582025446439 0.0090184162895219078 -0.0011534471907138156 -0.004398417202233381
leaf_weight=3.4979450069367912 4.4704597517848041 4.8000529110431689 4.6533998399972898 4.2523679491132498 6.7483307681977749
leaf_count=15 22 23 23 27 38
internal_value=-0.000330168 0.00234739 -0.00232473 0.00416151 -0.00732672
internal_weight=28.4226 24.9246 20.4542 8.90577 11.5484
internal_count=148 133 111 50 61
is_linear=0
shrinkage=0.05


Tree=234
num_leaves=6
num_cat=0
split_feature=2 3 4 0 1
split_gain=0.810342 0.895112 0.80716 0.640437 0.00409787
threshold=1.5000000000000002 1.0000000180025095e-35 1.5000000000000002 1.5000000000000002 1.5000000000000002
decision_type=2 2 2 2 2
left_child=1 -1 -3 -2 -4
right_child=3 2 4 -5 -6
leaf_value=0.0028199528659725373 -0.0014689497454412031 0.0007397423347593544 -0.039488921066353461 0.022406536166847402 -0.043276493937418017
leaf_weight=6.82917695119977 5.8098862934857607 1.8162816502153871 1.232849613763392 5.43741574883461 1.6972770765423775
leaf_count=35 31 10 34 24 14
internal_value=0.000515476 -0.00877144 -0.0254492 0.0100735 -0.0416829
internal_weight=22.8229 11.5756 4.74641 11.2473 2.93013
internal_count=148 93 58 55 48
is_linear=0
shrinkage=0.05


Tree=235
num_leaves=5
num_cat=0
split_feature=0 4 3 3
split_gain=2.35627 7.04276e-06 4.97941e-06 4.23828e-07
threshold=2.5000000000000004 4.5000000000000009 1.0000000180025095e-35 1.0000000180025095e-35
decision_type=2 2 2 2
left_child=1 3 -3 -1
right_child=-2 2 -4 -5
leaf_value=-0.038285025462229214 0.018589577620877845 -0.038293883864578951 -0.038064830720526056 -0.038338469171106664
leaf_weight=0.6867555156350138 6.4765967205166817 0.36421856563538291 0.68074687197804451 0.80675888061523438
leaf_count=28 32 17 39 32
internal_value=0.00258622 -0.0382442 -0.0381447 -0.0383139
internal_weight=9.01508 2.53848 1.04497 1.49351
internal_count=148 116 56 60
is_linear=0
shrinkage=0.05


Tree=236
num_leaves=6
num_cat=0
split_feature=1 0 4 0 2
split_gain=1.48837 1.24223 1.476 0.00389382 0.000375566
threshold=1.5000000000000002 1.0000000180025095e-35 4.5000000000000009 1.0000000180025095e-35 1.0000000180025095e-35
decision_type=2 2 2 2 2
left_child=1 -1 -3 -2 -5
right_child=3 2 -4 4 -6
leaf_value=0.0183506628252075 -0.043253738640618003 -0.043709559164594271 0.0089296510896132598 -0.039908524111568255 -0.038062531201790414
leaf_weight=7.1920288950204831 0.97151986509561661 2.3038098998367786 3.1560366898775101 0.51314861327409722 0.59501139121130109
leaf_count=31 7 39 22 9 40
internal_value=-0.00174362 0.00469988 -0.0132817 -0.0409431 -0.0389173
internal_weight=14.7316 12.6519 5.45985 2.07968 1.10816
internal_count=148 92 61 56 49
is_linear=0
shrinkage=0.05


Tree=237
num_leaves=6
num_cat=0
split_feature=4 4 4 4 4
split_gain=0.531176 0.939706 0.238913 0.0845278 0.0490827
threshold=1.0000000180025095e-35 1.5000000000000002 6.5000000000000009 7.5000000000000009 3.5000000000000004
decision_type=2 2 2 2 2
left_child=-1 -2 4 -4 -3
right_child=1 2 3 -5 -6
leaf_value=-0.018731195661686361 0.02290730663552204 -0.011065951515835223 0.0084493735104483377 -0.0013581778766619109 -0.0044244042102988294
leaf_weight=3.4737721905112293 4.4667904563248184 4.7720606774091738 4.5964974015951139 4.2083723433315754 6.6700832117348909
leaf_count=15 22 23 23 27 38
internal_value=-0.00042368 0.00214962 -0.00242983 0.00376176 -0.00719433
internal_weight=28.1876 24.7138 20.247 8.80487 11.4421
internal_count=148 133 111 50 61
is_linear=0
shrinkage=0.05


Tree=238
num_leaves=5
num_cat=0
split_feature=2 1 4 4
split_gain=0.7588 0.86666 0.629221 0.584482
threshold=1.5000000000000002 1.5000000000000002 4.5000000000000009 4.5000000000000009
decision_type=2 2 2 2
left_child=1 3 -2 -1
right_child=2 -3 -4 -5
leaf_value=-0.01089566572959021 -0.00086459471557424428 0.0049039250760171673 0.022934940487747014 -0.044992531026372094
leaf_weight=3.6550756134092808 6.1954458598047495 5.8773937001824379 5.0335486382246017 1.9155261963605879
leaf_count=27 32 32 23 34
internal_value=0.000568904 -0.00848939 0.00980387 -0.0226203
internal_weight=22.677 11.448 11.229 5.5706
internal_count=148 93 55 61
is_linear=0
shrinkage=0.05


Tree=239
num_leaves=5
num_cat=0
split_feature=0 4 3 3
split_gain=2.26558 6.30185e-06 4.4613e-06 4.02769e-07
threshold=2.5000000000000004 4.5000000000000009 1.0000000180025095e-35 1.0000000180025095e-35
decision_type=2 2 2 2
left_child=1 3 -3 -1
right_child=-2 2 -4 -5
leaf_value=-0.038254883065875475 0.018361266788232671 -0.03826439530598591 -0.038043232366022341 -0.038307994355633035
leaf_weight=0.66014726646244548 6.4282373860478401 0.35009418241679646 0.65395012311637402 0.77724013663828373
leaf_count=28 32 17 39 32
internal_value=0.00278789 -0.0382165 -0.0381203 -0.0382836
internal_weight=8.86967 2.44143 1.00404 1.43739
internal_count=148 116 56 60
is_linear=0
shrinkage=0.05


Tree=240
num_leaves=7
num_cat=0
split_feature=0 1 2 4 2 4
split_gain=1.42147 1.43171 1.22327 0.279264 0.00123107 0.000100325
threshold=1.5000000000000002 1.0000000180025095e-35 1.0000000180025095e-35 4.5000000000000009 1.0000000180025095e-35 5.5000000000000009
decision_type=2 2 2 2 2 2
left_child=1 -1 -3 -4 -2 -6
right_child=4 2 3 -5 5 -7
leaf_value=0.029580477893672977 -0.041349447819126542 0.016774288063308808 -0.010823134644966733 -0.033961436257991279 -0.038367083969056637 -0.039378232950100678
leaf_weight=3.922198444604871 1.0826754542067658 3.3306300714612007 2.6984586510807276 2.5235792845487595 0.45923060458153475 0.52662794198840857
leaf_count=21 17 17 26 20 26 21
internal_value=-0.00179777 0.00456753 -0.00690325 -0.0220048 -0.0401855 -0.0389072
internal_weight=14.5434 12.4749 8.55267 5.22204 2.06853 0.985859
internal_count=148 84 63 46 64 47
is_linear=0
shrinkage=0.05


Tree=241
num_leaves=5
num_cat=0
split_feature=0 1 2 4
split_gain=0.351134 0.9279 0.224775 0.132703
threshold=1.5000000000000002 1.5000000000000002 1.5000000000000002 3.5000000000000004
decision_type=2 2 2 2
left_child=2 -2 3 -1
right_child=1 -3 -4 -5
leaf_value=0.0049159112040227 0.0020305518730641954 -0.034963184142932285 0.0099236013425796511 -0.0054878570020089421
leaf_weight=5.3919327557086998 5.5455728247761717 2.4412499070167542 7.5620821118354788 7.1025317311286926
leaf_count=21 37 27 31 32
internal_value=-0.00041085 -0.00927694 0.00311976 -0.000998155
internal_weight=28.0434 7.98682 20.0565 12.4945
internal_count=148 64 84 53
is_linear=0
shrinkage=0.05


Tree=242
num_leaves=6
num_cat=0
split_feature=2 3 4 0 1
split_gain=0.715775 0.882422 0.780101 0.643203 0.0037308
threshold=1.5000000000000002 1.0000000180025095e-35 1.5000000000000002 1.5000000000000002 1.5000000000000002
decision_type=2 2 2 2 2
left_child=1 -1 -3 -2 -4
right_child=3 2 4 -5 -6
leaf_value=0.0032230436569632413 -0.0020683371130416676 0.00056668049976154515 -0.039431092329558159 0.021916723419990975 -0.043133902043659793
leaf_weight=6.7451412864029408 5.7854157071560621 1.7969314828515051 1.1542576719075441 5.4079513549804688 1.6565805971622467
leaf_count=35 31 10 34 24 14
internal_value=0.000547679 -0.00829833 -0.025164 0.00951978 -0.0416134
internal_weight=22.5463 11.3529 4.60777 11.1934 2.81084
internal_count=148 93 58 55 48
is_linear=0
shrinkage=0.05


Tree=243
num_leaves=5
num_cat=0
split_feature=0 4 3 3
split_gain=2.17403 5.92479e-06 4.11081e-06 3.63053e-07
threshold=2.5000000000000004 4.5000000000000009 1.0000000180025095e-35 1.0000000180025095e-35
decision_type=2 2 2 2
left_child=1 3 -3 -1
right_child=-2 2 -4 -5
leaf_value=-0.038230520540611122 0.018064446987504444 -0.03823789906339406 -0.038021213420813459 -0.038281838171534965
leaf_weight=0.63764748163521312 6.3720671981573105 0.33626839518547047 0.62700490839779377 0.75005121156573296
leaf_count=28 32 17 39 32
internal_value=0.00290257 -0.0381921 -0.0380969 -0.0382583
internal_weight=8.72304 2.35097 0.963273 1.3877
internal_count=148 116 56 60
is_linear=0
shrinkage=0.05


Tree=244
num_leaves=6
num_cat=0
split_feature=1 0 4 0 2
split_gain=1.40746 1.16355 1.41496 0.00338225 0.000353045
threshold=1.5000000000000002 1.0000000180025095e-35 4.5000000000000009 1.0000000180025095e-35 1.0000000180025095e-35
decision_type=2 2 2 2 2
left_child=1 -1 -3 -2 -5
right_child=3 2 -4 4 -6
leaf_value=0.017767991834011825 -0.043033205069859692 -0.043806786430460591 0.0085453213606950969 -0.039866177084102859 -0.038034199689866044
leaf_weight=7.0723575428128225 0.93275149166584093 2.2071192958392203 3.1084013059735298 0.4988789791241286 0.55617033876478672
leaf_count=31 7 39 22 9 40
internal_value=-0.00178385 0.00448318 -0.0131924 -0.0408397 -0.0389004
internal_weight=14.3757 12.3879 5.31552 1.9878 1.05505
internal_count=148 92 61 56 49
is_linear=0
shrinkage=0.05


Tree=245
num_leaves=5
num_cat=0
split_feature=0 4 2 4
split_gain=0.335347 0.838549 0.205915 0.131623
threshold=1.5000000000000002 3.5000000000000004 1.5000000000000002 3.5000000000000004
decision_type=2 2 2 2
left_child=2 -2 3 -1
right_child=1 -3 -4 -5
leaf_value=0.0048586816155466251 -0.029925850297483299 0.0036555747474641474 0.0094378772691775109 -0.0055360888362836506
leaf_weight=5.3773983418941551 3.020239856094121 4.8347641211003065 7.5678548216819754 7.0223998874425888
leaf_count=21 22 42 31 32
internal_value=-0.000504426 -0.00925644 0.0029385 -0.00102821
internal_weight=27.8227 7.855 19.9677 12.3998
internal_count=148 64 84 53
is_linear=0
shrinkage=0.05


Tree=246
num_leaves=6
num_cat=0
split_feature=2 3 4 0 1
split_gain=0.689429 0.843548 0.759429 0.599208 0.00338287
threshold=1.5000000000000002 1.0000000180025095e-35 1.5000000000000002 1.5000000000000002 1.5000000000000002
decision_type=2 2 2 2 2
left_child=1 -1 -3 -2 -4
right_child=3 2 4 -5 -6
leaf_value=0.0030979379742554353 -0.0017702135177902027 0.00039047585350946513 -0.039355921874523275 0.021406479859933922 -0.042942528432365276
leaf_weight=6.7237002812325954 5.782906299456954 1.7976550702005623 1.1092416793107986 5.3863094672560692 1.6141284704208374
leaf_count=35 31 10 34 24 14
internal_value=0.000607948 -0.00813167 -0.0248324 0.00940665 -0.0414817
internal_weight=22.4139 11.2447 4.52103 11.1692 2.72337
internal_count=148 93 58 55 48
is_linear=0
shrinkage=0.05


Tree=247
num_leaves=5
num_cat=0
split_feature=0 4 3 3
split_gain=2.08647 4.9864e-06 3.65969e-06 3.36177e-07
threshold=2.5000000000000004 4.5000000000000009 1.0000000180025095e-35 1.0000000180025095e-35
decision_type=2 2 2 2
left_child=1 3 -3 -1
right_child=-2 2 -4 -5
leaf_value=-0.038200784798967408 0.017788458747217555 -0.038212800347493539 -0.03800458869523049 -0.038251170412038182
leaf_weight=0.61211363552138232 6.3189806640148163 0.32395931519567955 0.60550075117498636 0.72098219394683838
leaf_count=28 32 17 39 32
internal_value=0.00303583 -0.0381661 -0.0380772 -0.038228
internal_weight=8.58154 2.26256 0.92946 1.3331
internal_count=148 116 56 60
is_linear=0
shrinkage=0.05


Tree=248
num_leaves=6
num_cat=0
split_feature=1 0 4 0 2
split_gain=1.3468 1.09276 1.35323 0.0029792 0.000320535
threshold=1.5000000000000002 1.0000000180025095e-35 4.5000000000000009 1.0000000180025095e-35 1.0000000180025095e-35
decision_type=2 2 2 2 2
left_child=1 -1 -3 -2 -5
right_child=3 2 -4 4 -6
leaf_value=0.017179210499169355 -0.042804620800604119 -0.043615363478054107 0.008072985144055295 -0.039792077733035898 -0.038015497485682337
leaf_weight=7.0394362807273847 0.90292550250887949 2.1355847390368581 3.1107746697962284 0.48364408500492551 0.53445357223972678
leaf_count=31 7 39 22 9 40
internal_value=-0.00178162 0.00430586 -0.0129673 -0.0407138 -0.0388595
internal_weight=14.2068 12.2858 5.24636 1.92102 1.0181
internal_count=148 92 61 56 49
is_linear=0
shrinkage=0.05


Tree=249
num_leaves=5
num_cat=0
split_feature=0 4 2 4
split_gain=0.309773 0.785268 0.193038 0.117622
threshold=1.5000000000000002 5.5000000000000009 1.5000000000000002 3.5000000000000004
decision_type=2 2 2 2
left_child=2 -2 3 -1
right_child=1 -3 -4 -5
leaf_value=0.0044841800839936566 -0.02229305776319435 0.010017125276354757 0.0090554496907813611 -0.0053653156211563016
leaf_weight=5.3587944954633766 4.5721219871193162 3.194378899410367 7.5698251128196707 6.9782414063811302
leaf_count=21 36 28 31 32
internal_value=-0.00053447 -0.00900381 0.00276977 -0.00108703
internal_weight=27.6734 7.7665 19.9069 12.337
internal_count=148 64 84 53
is_linear=0
shrinkage=0.05


Tree=250
num_leaves=5
num_cat=0
split_feature=1 3 0 3
split_gain=0.692451 1.15912 0.294048 0.132473
threshold=1.5000000000000002 1.0000000180025095e-35 1.5000000000000002 1.0000000180025095e-35
decision_type=2 2 2 2
left_child=1 -1 -3 -2
right_child=3 2 -4 -5
leaf_value=0.0033861286191179335 0.0040755369641188276 -0.04389587972571142 -0.015788382121976228 0.014865770059275269
leaf_weight=7.1459049694240093 5.9843197911977768 2.0208034887909894 1.7245964715257285 5.4214468114078045
leaf_count=35 28 35 22 28
internal_value=0.000594101 -0.00842292 -0.0309536 0.00920441
internal_weight=22.2971 10.8913 3.7454 11.4058
internal_count=148 92 57 56
is_linear=0
shrinkage=0.05


Tree=251
num_leaves=5
num_cat=0
split_feature=0 4 3 3
split_gain=2.00747 4.65993e-06 3.22542e-06 3.82109e-07
threshold=2.5000000000000004 4.5000000000000009 1.0000000180025095e-35 1.0000000180025095e-35
decision_type=2 2 2 2
left_child=1 3 -3 -1
right_child=-2 2 -4 -5
leaf_value=-0.038174740501067131 0.017552078940448013 -0.038185715534206924 -0.037986340548771945 -0.038229425971513464
leaf_weight=0.58904658956453226 6.2689595744013786 0.31125611066818226 0.58246012916788459 0.69790272042155266
leaf_count=28 32 17 39 32
internal_value=0.00317826 -0.0381435 -0.0380558 -0.0382044
internal_weight=8.44963 2.18067 0.893716 1.28695
internal_count=148 116 56 60
is_linear=0
shrinkage=0.05


Tree=252
num_leaves=6
num_cat=0
split_feature=0 1 2 4 4
split_gain=1.31072 1.32502 1.16462 0.296134 0.0010914
threshold=1.5000000000000002 1.0000000180025095e-35 1.0000000180025095e-35 4.5000000000000009 6.5000000000000009
decision_type=2 2 2 2 2
left_child=1 -1 -3 -4 -2
right_child=4 2 3 -5 -6
leaf_value=0.028947857352976752 -0.03885496725221993 0.016556462002096966 -0.0099543781996191752 -0.034068265625797178 -0.041242166306159678
leaf_weight=3.7574889883398983 0.89519547391682941 3.2552870288491249 2.6073859538882971 2.4881770266219974 1.0293169920332728
leaf_count=21 41 17 26 20 23
internal_value=-0.00180217 0.00428998 -0.00680491 -0.0217293 -0.0401318
internal_weight=14.0329 12.1083 8.35085 5.09556 1.92451
internal_count=148 84 63 46 64
is_linear=0
shrinkage=0.05


Tree=253
num_leaves=5
num_cat=0
split_feature=0 4 2 4
split_gain=0.291614 0.758449 0.170732 0.102855
threshold=1.5000000000000002 3.5000000000000004 1.5000000000000002 3.5000000000000004
decision_type=2 2 2 2
left_child=2 -2 3 -1
right_child=1 -3 -4 -5
leaf_value=0.0042930290906849937 -0.028620824897841207 0.0036353056849890231 0.0086281337950198274 -0.0049278171734747954
leaf_weight=5.3462560474872642 2.9587731603533021 4.7449344806373119 7.5477885752916327 6.9633038863539696
leaf_count=21 22 42 31 32
internal_value=-0.000496068 -0.00875335 0.00270736 -0.000923043
internal_weight=27.5611 7.70371 19.8573 12.3096
internal_count=148 64 84 53
is_linear=0
shrinkage=0.05


Tree=254
num_leaves=6
num_cat=0
split_feature=2 3 4 4 4
split_gain=0.712086 0.805076 0.7131 0.586845 0.00159382
threshold=1.5000000000000002 1.0000000180025095e-35 1.5000000000000002 4.5000000000000009 4.5000000000000009
decision_type=2 2 2 2 2
left_child=1 -1 -3 -2 -4
right_child=3 2 4 -5 -6
leaf_value=0.002629470935128296 -0.00085118301611371598 -0.00074944980241097383 -0.042866717625595414 0.022293878131136299 -0.040384743660736265
leaf_weight=6.6693675071001053 6.091978007927537 1.8184220660477874 1.1438731150701644 4.9755060262978077 1.4885421348735688
leaf_count=35 32 10 14 23 34
internal_value=0.000575254 -0.00836085 -0.0248293 0.00955393 -0.0414632
internal_weight=22.1877 11.1202 4.45084 11.0675 2.63242
internal_count=148 93 58 55 48
is_linear=0
shrinkage=0.05


Tree=255
num_leaves=5
num_cat=0
split_feature=0 4 3 3
split_gain=1.91758 4.53562e-06 2.82526e-06 4.55487e-07
threshold=2.5000000000000004 4.5000000000000009 1.0000000180025095e-35 1.0000000180025095e-35
decision_type=2 2 2 2
left_child=1 3 -3 -1
right_child=-2 2 -4 -5
leaf_value=-0.038150188570811538 0.017132098306517806 -0.038157939792864283 -0.037967477217978968 -0.038210931863410284
leaf_weight=0.56714087957516335 6.20658940076828 0.29874057602137316 0.55910744657739997 0.67703086603432894
leaf_count=28 32 17 39 32
internal_value=0.00315313 -0.0381223 -0.0380338 -0.0381832
internal_weight=8.30861 2.10202 0.857848 1.24417
internal_count=148 116 56 60
is_linear=0
shrinkage=0.05


Tree=256
num_leaves=7
num_cat=0
split_feature=1 0 4 0 2 4
split_gain=1.2719 1.02822 1.30675 0.0025383 0.000302712 1.9425e-06
threshold=1.5000000000000002 1.0000000180025095e-35 4.5000000000000009 1.0000000180025095e-35 1.0000000180025095e-35 4.5000000000000009
decision_type=2 2 2 2 2 2
left_child=1 -1 -3 -2 -5 -6
right_child=3 2 -4 4 5 -7
leaf_value=0.016674130795544358 -0.042575888210054966 -0.043653697229571908 0.0078736997938964309 -0.03975680110538677 -0.038092041386057096 -0.037893979148638804
leaf_weight=6.9290500804781896 0.86404597014188833 2.0603259741328657 3.0547077674418688 0.46976556908339262 0.23282442567870021 0.26434721052646637
leaf_count=31 7 39 22 9 14 26
internal_value=-0.00178038 0.0041221 -0.0128814 -0.0406065 -0.0388467 -0.0379867
internal_weight=13.8751 12.0441 5.11503 1.83098 0.966937 0.497172
internal_count=148 92 61 56 49 40
is_linear=0
shrinkage=0.05


Tree=257
num_leaves=5
num_cat=0
split_feature=0 4 2 4
split_gain=0.287657 0.711786 0.164073 0.102593
threshold=1.5000000000000002 5.5000000000000009 1.5000000000000002 3.5000000000000004
decision_type=2 2 2 2
left_child=2 -2 3 -1
right_child=1 -3 -4 -5
leaf_value=0.0042466751765030866 -0.021622201274771657 0.0094662497696847564 0.0084195205504803833 -0.0049920994122720887
leaf_weight=5.3313795775175148 4.4733446408063164 3.129014516249299 7.5384274572134009 6.8860923573374748
leaf_count=21 36 28 31 32
internal_value=-0.000561768 -0.00882667 0.00261869 -0.000960544
internal_weight=27.3583 7.60236 19.7559 12.2175
internal_count=148 64 84 53
is_linear=0
shrinkage=0.05


Tree=258
num_leaves=5
num_cat=0
split_feature=2 1 4 4
split_gain=0.688821 0.812894 0.554312 0.548885
threshold=1.5000000000000002 1.5000000000000002 4.5000000000000009 4.5000000000000009
decision_type=2 2 2 2
left_child=1 3 -2 -1
right_child=2 -3 -4 -5
leaf_value=-0.010964784346288243 -0.00067507488552279735 0.0048756927020926081 0.021843206488838352 -0.045108730945211221
leaf_weight=3.5434326808899641 6.0751929432153702 5.7106465324759483 4.9675109088420868 1.7625148561783133
leaf_count=27 32 32 23 34
internal_value=0.0006297 -0.00821619 0.00945467 -0.0223066
internal_weight=22.0593 11.0166 11.0427 5.30595
internal_count=148 93 55 61
is_linear=0
shrinkage=0.05


Tree=259
num_leaves=5
num_cat=0
split_feature=0 4 0 3
split_gain=1.8362 4.16229e-06 1.04557e-06 4.54254e-07
threshold=2.5000000000000004 4.5000000000000009 1.5000000000000002 1.0000000180025095e-35
decision_type=2 2 2 2
left_child=1 3 -3 -1
right_child=-2 2 -4 -5
leaf_value=-0.038126116703371009 0.016810121866591237 -0.037972093651855394 -0.038089844584667576 -0.038187891710216047
leaf_weight=0.5460252524353566 6.1447507292032242 0.53181940456852306 0.29205204360187054 0.65404186071828008
leaf_count=28 32 39 17 32
internal_value=0.00320507 -0.0381004 -0.0380138 -0.0381598
internal_weight=8.16869 2.02394 0.823871 1.20007
internal_count=148 116 56 60
is_linear=0
shrinkage=0.05


Tree=260
num_leaves=5
num_cat=0
split_feature=0 1 3 4
split_gain=1.23569 1.24094 1.18747 0.000975602
threshold=1.5000000000000002 1.0000000180025095e-35 1.0000000180025095e-35 6.5000000000000009
decision_type=2 2 2 2
left_child=1 -1 -3 -2
right_child=3 2 -4 -5
leaf_value=0.028337495343433716 -0.038807827234843273 -0.032190725438246789 0.0074606524857885551 -0.041124362675427704
leaf_weight=3.6536965444684002 0.84296072321012683 2.934537073597312 5.2955838106572628 0.98627146938815713
leaf_count=21 41 30 33 23
internal_value=-0.00180069 0.00408793 -0.00667747 -0.0400568
internal_weight=13.713 11.8838 8.23012 1.82923
internal_count=148 84 63 64
is_linear=0
shrinkage=0.05


Tree=261
num_leaves=5
num_cat=0
split_feature=0 1 3 4
split_gain=0.292598 1.96701 1.09015 0.600749
threshold=1.0000000180025095e-35 1.5000000000000002 1.0000000180025095e-35 2.5000000000000004
decision_type=2 2 2 2
left_child=-1 3 -3 -2
right_child=1 2 -4 -5
leaf_value=0.007318737732183213 0.021959949946060361 -0.046456168983339749 -0.0067450538998487276 -0.00083790226048416979
leaf_weight=8.244020804762842 4.8073063436895627 3.2202200572937718 3.730113061144948 7.2439583837985992
leaf_count=38 23 26 23 38
internal_value=-0.00054778 -0.00396074 -0.025144 0.00825627
internal_weight=27.2456 19.0016 6.95033 12.0513
internal_count=148 110 49 61
is_linear=0
shrinkage=0.05


Tree=262
num_leaves=6
num_cat=0
split_feature=2 3 4 0 4
split_gain=0.666156 0.792935 0.674137 0.537621 0.00143465
threshold=1.5000000000000002 1.0000000180025095e-35 1.5000000000000002 1.5000000000000002 4.5000000000000009
decision_type=2 2 2 2 2
left_child=1 -1 -3 -2 -4
right_child=3 2 4 -5 -6
leaf_value=0.0028328393620118885 -0.0013548678432271108 -0.0015997344876098195 -0.042749838603623053 0.020757688758257741 -0.040348903924490427
leaf_weight=6.5808446742594242 5.709555521607399 1.8370632790029047 1.1060901200398805 5.3007094487547874 1.4222023021429775
leaf_count=35 31 10 14 24 34
internal_value=0.000607063 -0.00812755 -0.0246505 0.00929086 -0.0413993
internal_weight=21.9565 10.9462 4.36536 11.0103 2.52829
internal_count=148 93 58 55 48
is_linear=0
shrinkage=0.05


Tree=263
num_leaves=5
num_cat=0
split_feature=0 4 0 3
split_gain=1.76259 3.97074e-06 9.31238e-07 4.596e-07
threshold=2.5000000000000004 4.5000000000000009 1.5000000000000002 1.0000000180025095e-35
decision_type=2 2 2 2
left_child=1 3 -3 -1
right_child=-2 2 -4 -5
leaf_value=-0.038105465428693641 0.016520720233470183 -0.037954485791486359 -0.03806791393878154 -0.038168654505693789
leaf_weight=0.5273240986280141 6.0899498388171196 0.51065721176564682 0.28025936987251043 0.63342957850545645
leaf_count=28 32 39 17 32
internal_value=0.00326907 -0.0380811 -0.0379947 -0.0381399
internal_weight=8.04162 1.95167 0.790917 1.16075
internal_count=148 116 56 60
is_linear=0
shrinkage=0.05


Tree=264
num_leaves=8
num_cat=0
split_feature=1 3 2 2 4 0 4
split_gain=0.947913 0.994458 0.626181 0.441887 0.600645 0.126685 0.000132991
threshold=1.0000000180025095e-35 1.0000000180025095e-35 1.0000000180025095e-35 1.0000000180025095e-35 4.5000000000000009 1.0000000180025095e-35 3.5000000000000004
decision_type=2 2 2 2 2 2 2
left_child=-1 2 -2 -3 -5 -4 -7
right_child=1 3 5 4 -6 6 -8
leaf_value=0.018111371053784863 -0.0089625077100909441 0.019265243500807428 -0.065414826424546269 0.012067371693977934 -0.027889287328215075 -0.038358879118701388 -0.039568956490606683
leaf_weight=4.1958141271024934 1.5602466273121538 2.2468752604909241 0.90416824817657448 1.8053722768090668 1.9634357853792606 0.42809672188013792 0.48350138566456735
leaf_count=32 12 17 4 18 25 20 20
internal_value=-0.00164687 -0.010474 -0.0321926 0.0017145 -0.00874885 -0.0521537 -0.0390007
internal_weight=13.5875 9.3917 3.37601 6.01568 3.76881 1.81577 0.911598
internal_count=148 116 56 60 43 44 40
is_linear=0
shrinkage=0.05


Tree=265
num_leaves=5
num_cat=0
split_feature=0 4 2 4
split_gain=0.289276 0.684504 0.157351 0.0904564
threshold=1.5000000000000002 5.5000000000000009 1.5000000000000002 3.5000000000000004
decision_type=2 2 2 2
left_child=2 -2 3 -1
right_child=1 -3 -4 -5
leaf_value=0.0039688275898260295 -0.02165228539827372 0.0092476135251517762 0.0082831700981520883 -0.004741758625759286
leaf_weight=5.2940267622470909 4.3796265684068194 3.0337593574076891 7.4922841489315024 6.8200856596231461
leaf_count=21 36 28 31 32
internal_value=-0.000593719 -0.00900721 0.00258751 -0.000935118
internal_weight=27.0198 7.41339 19.6064 12.1141
internal_count=148 64 84 53
is_linear=0
shrinkage=0.05


Tree=266
num_leaves=5
num_cat=0
split_feature=2 1 4 4
split_gain=0.64936 0.737887 0.538042 0.518555
threshold=1.5000000000000002 1.5000000000000002 4.5000000000000009 4.5000000000000009
decision_type=2 2 2 2
left_child=1 2 -1 -2
right_child=3 -3 -4 -5
leaf_value=-0.010606107433294466 -0.0007457123900353335 0.0043767343743518041 -0.044967190606863473 0.021121215530948995
leaf_weight=3.506761166267097 6.0295242071151733 5.6162443831562996 1.6874773693270979 4.9263176172971725
leaf_count=27 32 32 34 23
internal_value=0.00050813 -0.00818589 -0.0217692 0.0090868
internal_weight=21.7663 10.8105 5.19424 10.9558
internal_count=148 93 61 55
is_linear=0
shrinkage=0.05


Tree=267
num_leaves=5
num_cat=0
split_feature=0 4 3 2
split_gain=1.69474 3.24723e-06 2.09078e-06 4.10344e-07
threshold=2.5000000000000004 4.5000000000000009 1.0000000180025095e-35 1.5000000000000002
decision_type=2 2 2 2
left_child=1 3 -3 -1
right_child=-2 2 -4 -5
leaf_value=-0.038137384671378283 0.016325642997441516 -0.03809208646316211 -0.037918404203260168 -0.038075264669146902
leaf_weight=0.67639912152662851 6.0510846599936485 0.2662593713030218 0.49617599556222558 0.43798213778063655
leaf_count=35 32 17 39 25
internal_value=0.00345096 -0.0380586 -0.0379791 -0.038113
internal_weight=7.9279 1.87682 0.762435 1.11438
internal_count=148 116 56 60
is_linear=0
shrinkage=0.05


Tree=268
num_leaves=6
num_cat=0
split_feature=0 4 4 1 2
split_gain=0.960799 1.09083 1.84058 0.0157589 0.000792861
threshold=1.0000000180025095e-35 4.5000000000000009 6.5000000000000009 1.0000000180025095e-35 1.0000000180025095e-35
decision_type=2 2 2 2 2
left_child=-1 3 -3 -2 -5
right_child=1 2 -4 4 -6
leaf_value=0.010038548362731544 -0.047788471729948823 0.04689301563789925 -0.027882589750764908 -0.040828092254768238 -0.038473770606505392
leaf_weight=7.6353391222655773 0.94722251128405366 1.3429193422198298 2.1254274053499103 0.63428725441917755 0.81980852456763387
leaf_count=38 11 17 35 11 36
internal_value=-0.0016546 -0.0168652 0.00107 -0.0427699 -0.0395007
internal_weight=13.505 5.86967 3.46835 2.40132 1.4541
internal_count=148 110 52 58 47
is_linear=0
shrinkage=0.05


Tree=269
num_leaves=5
num_cat=0
split_feature=0 1 3 4
split_gain=0.273136 1.84342 1.04805 0.568042
threshold=1.0000000180025095e-35 1.5000000000000002 1.0000000180025095e-35 2.5000000000000004
decision_type=2 2 2 2
left_child=-1 3 -3 -2
right_child=1 2 -4 -5
leaf_value=0.0070057906380247854 0.02118911337203375 -0.046107719401791335 -0.0066857911534326971 -0.001050786499912968
leaf_weight=8.1931942254304904 4.800509341061117 3.1100283423438659 3.6819608248770237 7.1437811143696308
leaf_count=38 23 26 23 38
internal_value=-0.00060905 -0.00393895 -0.024737 0.00788761
internal_weight=26.9295 18.7363 6.79199 11.9443
internal_count=148 110 49 61
is_linear=0
shrinkage=0.05


Tree=270
num_leaves=6
num_cat=0
split_feature=2 3 4 0 4
split_gain=0.626431 0.741629 0.655272 0.513543 0.0012516
threshold=1.5000000000000002 1.0000000180025095e-35 1.5000000000000002 1.5000000000000002 4.5000000000000009
decision_type=2 2 2 2 2
left_child=1 -1 -3 -2 -4
right_child=3 2 4 -5 -6
leaf_value=0.002580882797204552 -0.0015055561654119651 -0.0016983279221241456 -0.042608487134267931 0.020187212497934648 -0.040319552356178678
leaf_weight=6.4886341318488121 5.6638084091246128 1.8309663105756042 1.064257560297847 5.2639026567339897 1.360928787384182
leaf_count=35 31 10 14 24 34
internal_value=0.000514695 -0.00805801 -0.0242773 0.0089439 -0.041324
internal_weight=21.6725 10.7448 4.25615 10.9277 2.42519
internal_count=148 93 58 55 48
is_linear=0
shrinkage=0.05


Tree=271
num_leaves=5
num_cat=0
split_feature=0 4 3 2
split_gain=1.62807 3.0073e-06 1.93303e-06 4.29251e-07
threshold=2.5000000000000004 4.5000000000000009 1.0000000180025095e-35 1.5000000000000002
decision_type=2 2 2 2
left_child=1 3 -3 -1
right_child=-2 2 -4 -5
leaf_value=-0.038118224803132428 0.016064790241246133 -0.038072190995784939 -0.037901989551786391 -0.038053539525974497
leaf_weight=0.65499340789392568 6.0024728775024414 0.25673312973231066 0.47634027944877744 0.42152808746322989
leaf_count=35 32 17 39 25
internal_value=0.00353197 -0.0380397 -0.0379616 -0.0380929
internal_weight=7.81207 1.80959 0.733073 1.07652
internal_count=148 116 56 60
is_linear=0
shrinkage=0.05


Tree=272
num_leaves=6
num_cat=0
split_feature=0 4 4 1 2
split_gain=0.9153 1.04444 1.71761 0.0137759 0.000702635
threshold=1.0000000180025095e-35 4.5000000000000009 6.5000000000000009 1.0000000180025095e-35 1.0000000180025095e-35
decision_type=2 2 2 2 2
left_child=-1 3 -3 -2 -5
right_child=1 2 -4 4 -6
leaf_value=0.0098386096488871644 -0.047311166295397271 0.045217000619251706 -0.027336728529307748 -0.040690544883454 -0.038432800573464557
leaf_weight=7.628269512206316 0.91462904680520329 1.3362681653816255 2.0940496004186571 0.61291705816984154 0.78719106130301952
leaf_count=38 11 17 35 11 36
internal_value=-0.00151323 -0.0165862 0.00092632 -0.0425388 -0.0394212
internal_weight=13.3733 5.74505 3.43032 2.31474 1.40011
internal_count=148 110 52 58 47
is_linear=0
shrinkage=0.05


Tree=273
num_leaves=5
num_cat=0
split_feature=0 4 2 4
split_gain=0.27667 0.669332 0.146827 0.0871865
threshold=1.5000000000000002 3.5000000000000004 1.5000000000000002 3.5000000000000004
decision_type=2 2 2 2
left_child=2 -2 3 -1
right_child=1 -3 -4 -5
leaf_value=0.003851355092802176 -0.027854137562043541 0.0032450490761946633 0.0079646659421358078 -0.0047368505698328241
leaf_weight=5.2659398242831283 2.851836994290351 4.3988270042464137 7.4593537151813498 6.7345165237784386
leaf_count=21 22 42 31 32
internal_value=-0.000650276 -0.00898691 0.00245593 -0.000968246
internal_weight=26.7105 7.25066 19.4598 12.0005
internal_count=148 64 84 53
is_linear=0
shrinkage=0.05


Tree=274
num_leaves=6
num_cat=0
split_feature=2 3 4 0 4
split_gain=0.608019 0.683471 0.644253 0.497473 0.00112975
threshold=1.5000000000000002 1.0000000180025095e-35 1.5000000000000002 1.5000000000000002 4.5000000000000009
decision_type=2 2 2 2 2
left_child=1 -1 -3 -2 -4
right_child=3 2 4 -5 -6
leaf_value=0.0021069999187178427 -0.0016065545479317948 -0.001574220615587442 -0.042452158216456683 0.019791034634814048 -0.040240490012306875
leaf_weight=6.44075882807374 5.6270663123577833 1.8216186072677372 1.0287256473675372 5.251183845102787 1.3161284280940888
leaf_count=35 31 10 14 24 34
internal_value=0.000416837 -0.0081011 -0.0238813 0.00872256 -0.0412108
internal_weight=21.4855 10.6072 4.16647 10.8783 2.34485
internal_count=148 93 58 55 48
is_linear=0
shrinkage=0.05


Tree=275
num_leaves=5
num_cat=0
split_feature=0 4 3 2
split_gain=1.56652 2.55058e-06 1.79002e-06 4.05801e-07
threshold=2.5000000000000004 4.5000000000000009 1.0000000180025095e-35 1.5000000000000002
decision_type=2 2 2 2
left_child=1 3 -3 -1
right_child=-2 2 -4 -5
leaf_value=-0.038094204435536405 0.015891440566107862 -0.038054073488998891 -0.037887275093292115 -0.038030024067571611
leaf_weight=0.63053423725068547 5.9670306369662285 0.24793290253728617 0.45793383289128542 0.40415816009044647
leaf_count=35 32 17 39 25
internal_value=0.00371713 -0.0380191 -0.0379459 -0.0380691
internal_weight=7.70759 1.74056 0.705867 1.03469
internal_count=148 116 56 60
is_linear=0
shrinkage=0.05


Tree=276
num_leaves=7
num_cat=0
split_feature=1 3 2 2 4 0
split_gain=0.905007 0.91019 0.627158 0.402823 0.589811 0.111577
threshold=1.0000000180025095e-35 1.0000000180025095e-35 1.0000000180025095e-35 1.0000000180025095e-35 4.5000000000000009 1.0000000180025095e-35
decision_type=2 2 2 2 2 2
left_child=-1 2 -2 -3 -5 -4
right_child=1 3 5 4 -6 -7
leaf_value=0.018207227675356586 -0.0080258530950214468 0.018311054372204483 -0.064340302339990649 0.012190957331268912 -0.027605726678763279 -0.038928908521102146
leaf_weight=4.0434249965474001 1.5203918977640571 2.2202482498250902 0.89279516041278817 1.7832720684818926 1.9480898967012761 0.83690395532175899
leaf_count=32 12 17 4 18 25 40
internal_value=-0.00150915 -0.010173 -0.0314529 0.00144775 -0.00858631 -0.0520452
internal_weight=13.2451 9.2017 3.25009 5.95161 3.73136 1.7297
internal_count=148 116 56 60 43 44
is_linear=0
shrinkage=0.05


Tree=277
num_leaves=6
num_cat=0
split_feature=4 4 4 2 2
split_gain=0.540491 0.877201 0.217318 0.568777 0.78684
threshold=1.0000000180025095e-35 1.5000000000000002 3.5000000000000004 1.0000000180025095e-35 1.5000000000000002
decision_type=2 2 2 2 2
left_child=-1 -2 -3 -4 -5
right_child=1 2 3 4 -6
leaf_value=-0.01917231076105836 0.022367290658384342 -0.01217037285043527 -0.013428967035711442 0.021618990494750634 -0.0073170584022981423
leaf_weight=3.4418831225484636 4.3253063075244453 4.5132301878184107 4.8836057391017667 4.8501431085169298 4.556438772007823
leaf_count=15 22 23 27 30 31
internal_value=-0.000686378 0.00206459 -0.00260559 0.000415228 0.00760271
internal_weight=26.5706 23.1287 18.8034 14.2902 9.40658
internal_count=148 133 111 88 61
is_linear=0
shrinkage=0.05


Tree=278
num_leaves=5
num_cat=0
split_feature=2 1 4 4
split_gain=0.593327 0.693257 0.521361 0.49113
threshold=1.5000000000000002 1.5000000000000002 4.5000000000000009 4.5000000000000009
decision_type=2 2 2 2
left_child=1 2 -1 -2
right_child=3 -3 -4 -5
leaf_value=-0.010449368391034417 -0.00099996473820322652 0.0043078971337002026 -0.044947314815476792 0.020366732999845778
leaf_weight=3.4547923924401402 5.9801279753446579 5.4584116507321596 1.6035251226276157 4.8874855302274227
leaf_count=27 32 32 34 23
internal_value=0.000416282 -0.00805006 -0.0213855 0.00860927
internal_weight=21.3843 10.5167 5.05832 10.8676
internal_count=148 93 61 55
is_linear=0
shrinkage=0.05


Tree=279
num_leaves=5
num_cat=0
split_feature=0 4 3 2
split_gain=1.50844 2.37547e-06 1.59988e-06 4.25958e-07
threshold=2.5000000000000004 4.5000000000000009 1.0000000180025095e-35 1.5000000000000002
decision_type=2 2 2 2
left_child=1 3 -3 -1
right_child=-2 2 -4 -5
leaf_value=-0.038076461665022973 0.015704551520842113 -0.038033443732609584 -0.037872658016682263 -0.038009478803905823
leaf_weight=0.61072159511968471 5.92647585272789 0.23863385245203972 0.43994943471625447 0.38821755023673177
leaf_count=35 32 17 39 25
internal_value=0.00385645 -0.0380014 -0.0379292 -0.0380504
internal_weight=7.604 1.67752 0.678583 0.998939
internal_count=148 116 56 60
is_linear=0
shrinkage=0.05


Tree=280
num_leaves=6
num_cat=0
split_feature=0 4 4 1 2
split_gain=0.910372 0.98884 1.59094 0.01334 0.000626736
threshold=1.0000000180025095e-35 4.5000000000000009 6.5000000000000009 1.0000000180025095e-35 1.0000000180025095e-35
decision_type=2 2 2 2 2
left_child=-1 3 -3 -2 -5
right_child=1 2 -4 4 -6
leaf_value=0.0097878461643952121 -0.047223733817654802 0.043463468402465635 -0.027108967296657106 -0.040568742025068279 -0.038394853315303831
leaf_weight=7.5387151539325714 0.90134863508865271 1.3070559820625933 2.0528476282488555 0.59645116562023737 0.74652259727008641
leaf_count=38 11 17 35 11 36
internal_value=-0.00155814 -0.0168206 0.000344833 -0.0425184 -0.0393603
internal_weight=13.1429 5.60423 3.3599 2.24432 1.34297
internal_count=148 110 52 58 47
is_linear=0
shrinkage=0.05


Tree=281
num_leaves=6
num_cat=0
split_feature=4 4 4 2 2
split_gain=0.498245 0.810585 0.200074 0.508687 0.684883
threshold=1.0000000180025095e-35 1.5000000000000002 3.5000000000000004 1.0000000180025095e-35 1.5000000000000002
decision_type=2 2 2 2 2
left_child=-1 -2 -3 -4 -5
right_child=1 2 3 4 -6
leaf_value=-0.018503399798583231 0.021434918873602299 -0.011752069507314312 -0.012755451800357562 0.020393640124832118 -0.0067604016078277353
leaf_weight=3.420905412174764 4.3315379507839706 4.5044705066829946 4.8638679571449748 4.7796297855675203 4.5163659900426865
leaf_count=15 22 23 27 30 31
internal_value=-0.00069987 0.00194861 -0.00257368 0.000346103 0.00720112
internal_weight=26.4168 22.9959 18.6643 14.1599 9.296
internal_count=148 133 111 88 61
is_linear=0
shrinkage=0.05


Tree=282
num_leaves=6
num_cat=0
split_feature=2 3 4 0 4
split_gain=0.547727 0.666752 0.614091 0.489503 0.00107593
threshold=1.5000000000000002 1.0000000180025095e-35 1.5000000000000002 1.5000000000000002 4.5000000000000009
decision_type=2 2 2 2 2
left_child=1 -1 -3 -2 -4
right_child=3 2 4 -5 -6
leaf_value=0.0023338100727285003 -0.0019604052599088875 -0.0020219400038468602 -0.042368767550032382 0.019303773633488813 -0.040162202647115168
leaf_weight=6.3643386960029602 5.6139326654374599 1.818224139511585 0.99348751548677716 5.2257216721773148 1.2444352218881247
leaf_count=35 31 10 14 24 34
internal_value=0.000422165 -0.0077631 -0.0236058 0.00829091 -0.0411418
internal_weight=21.2601 10.4205 4.05615 10.8397 2.23792
internal_count=148 93 58 55 48
is_linear=0
shrinkage=0.05


Tree=283
num_leaves=5
num_cat=0
split_feature=0 4 3 2
split_gain=1.44909 2.1698e-06 1.47785e-06 3.58145e-07
threshold=2.5000000000000004 4.5000000000000009 1.0000000180025095e-35 1.5000000000000002
decision_type=2 2 2 2
left_child=1 3 -3 -1
right_child=-2 2 -4 -5
leaf_value=-0.038055592377276092 0.015499031149113929 -0.038015031559797248 -0.037857328677136613 -0.03799306816525537
leaf_weight=0.58814074750989653 5.8892984911799431 0.22969074873253703 0.42056439304724336 0.37511214148253202
leaf_count=35 32 17 39 25
internal_value=0.00399738 -0.0379836 -0.037913 -0.0380312
internal_weight=7.50281 1.61351 0.650255 0.963253
internal_count=148 116 56 60
is_linear=0
shrinkage=0.05


Tree=284
num_leaves=6
num_cat=0
split_feature=0 4 4 1 2
split_gain=0.872271 0.948624 1.48353 0.0124801 0.000557554
threshold=1.0000000180025095e-35 4.5000000000000009 6.5000000000000009 1.0000000180025095e-35 1.0000000180025095e-35
decision_type=2 2 2 2 2
left_child=-1 3 -3 -2 -5
right_child=1 2 -4 4 -6
leaf_value=0.0094863228067743541 -0.047017188669887154 0.041937769959462877 -0.026662274521010651 -0.040451116898075928 -0.038364716385535041
leaf_weight=7.5111853815615177 0.87693008175119791 1.2922801310196521 2.0200933159794658 0.57735930709168293 0.71893297578208148
leaf_count=38 11 17 35 11 36
internal_value=-0.00158337 -0.0167406 0.000101155 -0.0424104 -0.039294
internal_weight=12.9968 5.4856 3.31237 2.17322 1.29629
internal_count=148 110 52 58 47
is_linear=0
shrinkage=0.05


Tree=285
num_leaves=6
num_cat=0
split_feature=4 4 4 2 2
split_gain=0.467848 0.753696 0.186872 0.483738 0.626086
threshold=1.0000000180025095e-35 1.5000000000000002 3.5000000000000004 1.0000000180025095e-35 1.5000000000000002
decision_type=2 2 2 2 2
left_child=-1 -2 -3 -4 -5
right_child=1 2 3 4 -6
leaf_value=-0.018034760917673285 0.020621835061429266 -0.011444509109015705 -0.012573030679767195 0.019717698859963786 -0.0063717001440206176
leaf_weight=3.4014978492632535 4.3292457945644882 4.4793074615299728 4.8040634840726844 4.7176002338528615 4.4864697754383087
leaf_count=15 22 23 27 30 31
internal_value=-0.000736113 0.00184276 -0.00255478 0.000287843 0.00700057
internal_weight=26.2182 22.8167 18.4874 14.0081 9.20407
internal_count=148 133 111 88 61
is_linear=0
shrinkage=0.05


Tree=286
num_leaves=5
num_cat=0
split_feature=4 4 1 0
split_gain=0.509976 0.723564 0.703466 1.12978
threshold=7.5000000000000009 1.0000000180025095e-35 1.5000000000000002 1.5000000000000002
decision_type=2 2 2 2
left_child=1 -1 3 -3
right_child=-2 2 -4 -5
leaf_value=0.017811987897418401 0.018622256844270723 -0.035894131162163889 0.0042204353629962379 0.002107976570964168
leaf_weight=3.4116780478507343 3.2531481939367941 4.1335714985616487 6.6174466460943222 3.7121679550036788
leaf_count=15 27 39 34 33
internal_value=0.000413311 -0.00290064 -0.00778648 -0.0179136
internal_weight=21.128 17.8749 14.4632 7.84574
internal_count=148 121 106 72
is_linear=0
shrinkage=0.05


Tree=287
num_leaves=5
num_cat=0
split_feature=0 4 3 2
split_gain=1.39612 2.01708e-06 1.30529e-06 3.17245e-07
threshold=2.5000000000000004 4.5000000000000009 1.0000000180025095e-35 1.5000000000000002
decision_type=2 2 2 2
left_child=1 3 -3 -1
right_child=-2 2 -4 -5
leaf_value=-0.038036585845195196 0.015368783478789328 -0.037994723369389902 -0.037843364883672771 -0.037976667547094764
leaf_weight=0.56727353623136856 5.8602935597300529 0.22052339604124427 0.40228244941681623 0.36180680757388473
leaf_count=35 32 17 39 25
internal_value=0.00420197 -0.0379666 -0.037897 -0.0380133
internal_weight=7.41218 1.55189 0.622806 0.92908
internal_count=148 116 56 60
is_linear=0
shrinkage=0.05


Tree=288
num_leaves=8
num_cat=0
split_feature=1 3 2 2 4 0 4
split_gain=0.846885 0.841125 0.612062 0.331627 0.518716 0.0997428 0.000142655
threshold=1.0000000180025095e-35 1.0000000180025095e-35 1.0000000180025095e-35 1.0000000180025095e-35 4.5000000000000009 1.0000000180025095e-35 5.5000000000000009
decision_type=2 2 2 2 2 2 2
left_child=-1 2 -2 -3 -5 -4 -7
right_child=1 3 5 4 -6 6 -8
leaf_value=0.017861895871610464 -0.0077128847674169292 0.01644816244806278 -0.063535108985477998 0.011379869345968864 -0.026314722651870421 -0.03815234794283056 -0.039520747972999204
leaf_weight=3.8794389544054857 1.4770523286424579 2.1942592561244965 0.88032819330692269 1.7623131019063296 1.8930209288373587 0.38640639348886907 0.37558392831124365
leaf_count=32 12 17 4 18 25 25 15
internal_value=-0.00165651 -0.010099 -0.0310671 0.00108249 -0.00814137 -0.0520712 -0.0388268
internal_weight=12.8484 8.96896 3.11937 5.84959 3.65533 1.64232 0.76199
internal_count=148 116 56 60 43 44 40
is_linear=0
shrinkage=0.05


Tree=289
num_leaves=5
num_cat=0
split_feature=0 1 3 4
split_gain=0.307716 1.69085 0.964815 0.454754
threshold=1.0000000180025095e-35 1.5000000000000002 1.0000000180025095e-35 2.5000000000000004
decision_type=2 2 2 2
left_child=-1 3 -3 -2
right_child=1 2 -4 -5
leaf_value=0.0074189217566234993 0.019089488283739357 -0.045768681120829019 -0.0070463662986940973 -0.0011057181319553276
leaf_weight=8.0389862805604952 4.7074040248990077 2.9683899013325563 3.5117754228413105 6.8348718732595444
leaf_count=38 23 26 23 38
internal_value=-0.000715979 -0.00434459 -0.024784 0.0071307
internal_weight=26.0614 18.0224 6.48017 11.5423
internal_count=148 110 49 61
is_linear=0
shrinkage=0.05


Tree=290
num_leaves=6
num_cat=0
split_feature=2 3 4 0 4
split_gain=0.502808 0.66143 0.581027 0.491619 0.0011103
threshold=1.5000000000000002 1.0000000180025095e-35 1.5000000000000002 1.5000000000000002 4.5000000000000009
decision_type=2 2 2 2 2
left_child=1 -1 -3 -2 -4
right_child=3 2 4 -5 -6
leaf_value=0.0025418238054797258 -0.0023761537643812746 -0.0026025798668433235 -0.042345015088166703 0.019012626755395529 -0.040061928702900776
leaf_weight=6.3034905642271042 5.5599175877869129 1.8020087014883759 0.96881969831883941 5.1984676122665405 1.1824718639254568
leaf_count=35 31 10 14 24 34
internal_value=0.000407373 -0.00751349 -0.0235466 0.00795894 -0.0410901
internal_weight=21.0152 10.2568 3.9533 10.7584 2.15129
internal_count=148 93 58 55 48
is_linear=0
shrinkage=0.05


Tree=291
num_leaves=5
num_cat=0
split_feature=0 4 3 2
split_gain=1.33777 1.90345e-06 1.14445e-06 2.61777e-07
threshold=2.5000000000000004 4.5000000000000009 1.0000000180025095e-35 1.5000000000000002
decision_type=2 2 2 2
left_child=1 3 -3 -1
right_child=-2 2 -4 -5
leaf_value=-0.038017798473801698 0.015106543565530593 -0.037974372416620515 -0.037829511667895797 -0.037962411653799183
leaf_weight=0.54687437834218122 5.8264551982283592 0.21127371350303292 0.38443873031064868 0.34978214185684919
leaf_count=35 32 17 39 25
internal_value=0.00428784 -0.0379502 -0.0378809 -0.0379962
internal_weight=7.31882 1.49237 0.595712 0.896657
internal_count=148 116 56 60
is_linear=0
shrinkage=0.05


Tree=292
num_leaves=6
num_cat=0
split_feature=0 4 4 1 2
split_gain=0.871165 0.900194 1.38036 0.0117273 0.000510248
threshold=1.0000000180025095e-35 4.5000000000000009 6.5000000000000009 1.0000000180025095e-35 1.0000000180025095e-35
decision_type=2 2 2 2 2
left_child=-1 3 -3 -2 -5
right_child=1 2 -4 4 -6
leaf_value=0.0095877196638882861 -0.046848614509928665 0.040496525381989355 -0.026377646210461875 -0.040368512374256711 -0.038333661409149067
leaf_weight=7.4247943386435509 0.85983080649748478 1.2627209597267213 1.9841335888486353 0.56262566428631522 0.68092784401960671
leaf_count=38 11 17 35 11 36
internal_value=-0.00149595 -0.0168773 -0.000369885 -0.0423587 -0.0392543
internal_weight=12.775 5.35024 3.24685 2.10338 1.24355
internal_count=148 110 52 58 47
is_linear=0
shrinkage=0.05


Tree=293
num_leaves=5
num_cat=0
split_feature=0 4 2 4
split_gain=0.286744 0.65098 0.162353 0.0966524
threshold=1.5000000000000002 5.5000000000000009 1.5000000000000002 3.5000000000000004
decision_type=2 2 2 2
left_child=2 -2 3 -1
right_child=1 -3 -4 -5
leaf_value=0.0037781093398121866 -0.022198287131977534 0.0091872758522130223 0.0082159618396002321 -0.0053733297859860927
leaf_weight=5.2235389351844841 4.0947835706174365 2.7696119919419289 7.3363411650061598 6.4450840055942535
leaf_count=21 36 28 31 32
internal_value=-0.000775951 -0.009535 0.00238773 -0.00127663
internal_weight=25.8694 6.8644 19.005 11.6686
internal_count=148 64 84 53
is_linear=0
shrinkage=0.05


Tree=294
num_leaves=6
num_cat=0
split_feature=2 3 4 0 4
split_gain=0.488481 0.606558 0.572758 0.476469 0.000989777
threshold=1.5000000000000002 1.0000000180025095e-35 1.5000000000000002 1.5000000000000002 4.5000000000000009
decision_type=2 2 2 2 2
left_child=1 -1 -3 -2 -4
right_child=3 2 4 -5 -6
leaf_value=0.0020721693512657318 -0.0024460981587623304 -0.0023904180907570942 -0.042181477331955687 0.018654400968612064 -0.039987505758091152
leaf_weight=6.2607184499502182 5.5261465962976217 1.7911302810534837 0.93340326566249165 5.1862533316016197 1.1442405730485914
leaf_count=35 31 10 14 24 34
internal_value=0.000325931 -0.00754588 -0.0231105 0.0077694 -0.0409732
internal_weight=20.8419 10.1295 3.86877 10.7124 2.07764
internal_count=148 93 58 55 48
is_linear=0
shrinkage=0.05


Tree=295
num_leaves=4
num_cat=0
split_feature=3 1 4
split_gain=1.3261 0.801613 0.536326
threshold=1.0000000180025095e-35 1.5000000000000002 4.5000000000000009
decision_type=2 2 2
left_child=1 -1 -2
right_child=2 -3 -4
leaf_value=-0.0028397605481209347 0.0081035629956186846 0.042326690676873696 -0.034754445830024801
leaf_weight=1.6841813484206793 1.1291842674836519 2.3574233297258615 2.0647290730848908
leaf_count=35 39 28 46
internal_value=0.00447669 0.0235053 -0.0196023
internal_weight=7.23552 4.0416 3.19391
internal_count=148 63 85
is_linear=0
shrinkage=0.05


Tree=296
num_leaves=6
num_cat=0
split_feature=0 4 4 1 2
split_gain=0.826466 0.867193 1.28559 0.0104748 0.000458054
threshold=1.0000000180025095e-35 4.5000000000000009 6.5000000000000009 1.0000000180025095e-35 1.0000000180025095e-35
decision_type=2 2 2 2 2
left_child=-1 3 -3 -2 -5
right_child=1 2 -4 4 -6
leaf_value=0.0092635668176617326 -0.046479089363643644 0.03909173705536189 -0.025819126427792768 -0.040261339763388339 -0.038299831653030303
leaf_weight=7.4171645455062389 0.83630508230999145 1.2519093188457193 1.9524004925042389 0.5451820073649285 0.65546843921765685
leaf_count=38 11 17 35 11 36
internal_value=-0.00147612 -0.0166744 -0.000458746 -0.0421829 -0.0391905
internal_weight=12.6584 5.24127 3.20431 2.03696 1.20065
internal_count=148 110 52 58 47
is_linear=0
shrinkage=0.05


Tree=297
num_leaves=5
num_cat=0
split_feature=0 1 3 4
split_gain=0.290803 1.64805 0.89336 0.413859
threshold=1.0000000180025095e-35 1.5000000000000002 1.0000000180025095e-35 2.5000000000000004
decision_type=2 2 2 2
left_child=-1 3 -3 -2
right_child=1 2 -4 -5
leaf_value=0.0071225535056994183 0.018362917113982625 -0.045463637582296108 -0.007712142450644179 -0.00097146059647877441
leaf_weight=7.9926529377698925 4.6931353844702262 2.8698844043537965 3.4521659538149834 6.7466044016182423
leaf_count=38 23 26 23 38
internal_value=-0.000797738 -0.0043618 -0.0248494 0.00696044
internal_weight=25.7544 17.7618 6.32205 11.4397
internal_count=148 110 49 61
is_linear=0
shrinkage=0.05


Tree=298
num_leaves=5
num_cat=0
split_feature=4 4 1 0
split_gain=0.471517 0.642015 0.667142 1.0399
threshold=7.5000000000000009 1.0000000180025095e-35 1.5000000000000002 1.5000000000000002
decision_type=2 2 2 2
left_child=1 -1 3 -3
right_child=-2 2 -4 -5
leaf_value=0.016651932754620177 0.017936464795908186 -0.034982784192774737 0.0042279699173674501 0.0018278555209419738
leaf_weight=3.3837876282632413 3.2053676391951731 4.0494695459492487 6.4843202643096447 3.646063469350338
leaf_count=15 27 39 34 33
internal_value=0.000301306 -0.00291711 -0.00758694 -0.0175423
internal_weight=20.769 17.5636 14.1799 7.69553
internal_count=148 121 106 72
is_linear=0
shrinkage=0.05


Tree=299
num_leaves=5
num_cat=0
split_feature=0 4 3 2
split_gain=1.29585 1.86054e-06 1.38675e-06 3.45829e-07
threshold=2.5000000000000004 4.5000000000000009 1.0000000180025095e-35 1.5000000000000002
decision_type=2 2 2 2
left_child=1 3 -3 -1
right_child=-2 2 -4 -5
leaf_value=-0.038008652806328549 0.015112554829394857 -0.037969876776118433 -0.037807383936705317 -0.037943982573521787
leaf_weight=0.53571631247177698 5.7887593954801559 0.20779104391112924 0.35669488646090031 0.33662224188446999
leaf_count=35 32 17 39 25
internal_value=0.00456334 -0.0379379 -0.0378672 -0.0379837
internal_weight=7.22558 1.43682 0.564486 0.872339
internal_count=148 116 56 60
is_linear=0
shrinkage=0.05


Tree=300
num_leaves=8
num_cat=0
split_feature=1 3 2 2 4 0 4
split_gain=0.819777 0.773113 0.611659 0.303535 0.50412 0.0873043 0.000132296
threshold=1.0000000180025095e-35 1.0000000180025095e-35 1.0000000180025095e-35 1.0000000180025095e-35 4.5000000000000009 1.0000000180025095e-35 5.5000000000000009
decision_type=2 2 2 2 2 2 2
left_child=-1 2 -2 -3 -5 -4 -7
right_child=1 3 5 4 -6 6 -8
leaf_value=0.018205561006334289 -0.0067948043293924697 0.015795833795570449 -0.062518470818742289 0.011497894947287066 -0.025854197728011192 -0.038078935935485753 -0.039453644352648677
leaf_weight=3.7476994185708454 1.4440222703851762 2.1628751871176064 0.86632858216762521 1.7411819701083007 1.8772338666021822 0.34444450726732612 0.35578249581158161
leaf_count=32 12 17 4 18 25 25 15
internal_value=-0.00137544 -0.00972221 -0.0302687 0.000977285 -0.00788037 -0.0519066 -0.0387774
internal_weight=12.5396 8.79187 3.01058 5.78129 3.61842 1.56656 0.700227
internal_count=148 116 56 60 43 44 40
is_linear=0
shrinkage=0.05


Tree=301
num_leaves=5
num_cat=0
split_feature=0 1 3 4
split_gain=0.290701 1.48951 0.8832 0.377164
threshold=1.0000000180025095e-35 1.5000000000000002 1.0000000180025095e-35 2.5000000000000004
decision_type=2 2 2 2
left_child=-1 3 -3 -2
right_child=1 2 -4 -5
leaf_value=0.0071257388316582487 0.017276941891565988 -0.045099449208605286 -0.0071758553287338588 -0.001225359311259255
leaf_weight=7.9899691492319134 4.6756810266524571 2.7670786883682004 3.4486738815903664 6.7028917782008648
leaf_count=38 23 26 23 38
internal_value=-0.000783233 -0.00437487 -0.0240584 0.0063776
internal_weight=25.5843 17.5943 6.21575 11.3786
internal_count=148 110 49 61
is_linear=0
shrinkage=0.05


Tree=302
num_leaves=6
num_cat=0
split_feature=2 3 4 0 4
split_gain=0.480138 0.589144 0.544817 0.428635 0.000905705
threshold=1.5000000000000002 1.0000000180025095e-35 1.5000000000000002 1.5000000000000002 4.5000000000000009
decision_type=2 2 2 2 2
left_child=1 -1 -3 -2 -4
right_child=3 2 4 -5 -6
leaf_value=0.0018888249249414586 -0.0021646341511197364 -0.0030519819734208479 -0.042093056678611733 0.017926800809374848 -0.039964073050570155
leaf_weight=6.1718330979347229 5.4550407659262419 1.7933057304471733 0.90571583807468448 5.1711176782846451 1.1139739402569828
leaf_count=35 31 10 14 24 34
internal_value=0.000215153 -0.00765751 -0.0231095 0.00761267 -0.0409188
internal_weight=20.611 9.98483 3.813 10.6262 2.01969
internal_count=148 93 58 55 48
is_linear=0
shrinkage=0.05


Tree=303
num_leaves=4
num_cat=0
split_feature=3 1 4
split_gain=1.24242 0.760696 0.47911
threshold=1.0000000180025095e-35 1.5000000000000002 4.5000000000000009
decision_type=2 2 2
left_child=1 -1 -2
right_child=2 -3 -4
leaf_value=-0.002534596008467858 0.0079070269469024256 0.041773418663691962 -0.033019512977648213
leaf_weight=1.6684697987511756 1.0949836280196907 2.309645174536854 2.0611922815442085
leaf_count=35 39 28 46
internal_value=0.00460472 0.0231901 -0.0188207
internal_weight=7.13429 3.97811 3.15618
internal_count=148 63 85
is_linear=0
shrinkage=0.05


Tree=304
num_leaves=6
num_cat=0
split_feature=0 4 4 1 2
split_gain=0.824262 0.822539 1.20079 0.00919862 0.000418238
threshold=1.0000000180025095e-35 4.5000000000000009 6.5000000000000009 1.0000000180025095e-35 1.0000000180025095e-35
decision_type=2 2 2 2 2
left_child=-1 3 -3 -2 -5
right_child=1 2 -4 4 -6
leaf_value=0.0095060874569736567 -0.046095016743181116 0.037812776771050355 -0.02545716135778996 -0.040179219844460524 -0.038266463165112619
leaf_weight=7.3529987521469593 0.81392571097239841 1.2285764149855825 1.9248077888041732 0.53050030115991809 0.61954658990725875
leaf_count=38 11 17 35 11 36
internal_value=-0.00121784 -0.0166268 -0.000806834 -0.0420275 -0.0391488
internal_weight=12.4704 5.11736 3.15338 1.96397 1.15005
internal_count=148 110 52 58 47
is_linear=0
shrinkage=0.05


Tree=305
num_leaves=5
num_cat=0
split_feature=0 4 2 4
split_gain=0.264307 0.640458 0.14105 0.0905269
threshold=1.5000000000000002 3.5000000000000004 1.5000000000000002 3.5000000000000004
decision_type=2 2 2 2
left_child=2 -2 3 -1
right_child=1 -3 -4 -5
leaf_value=0.0036794803935710427 -0.028133282235455182 0.0034069001445907023 0.0076721835233550867 -0.0052473451217883065
leaf_weight=5.1607198864221626 2.7051445161923757 3.9741045981645584 7.2589721903204909 6.3156410530209541
leaf_count=21 22 42 31 32
internal_value=-0.000827266 -0.0093671 0.00221723 -0.00123311
internal_weight=25.4146 6.67925 18.7353 11.4764
internal_count=148 64 84 53
is_linear=0
shrinkage=0.05


Tree=306
num_leaves=6
num_cat=0
split_feature=2 3 4 0 4
split_gain=0.454144 0.546436 0.537706 0.400182 0.00080702
threshold=1.5000000000000002 1.0000000180025095e-35 1.5000000000000002 1.5000000000000002 4.5000000000000009
decision_type=2 2 2 2 2
left_child=1 -1 -3 -2 -4
right_child=3 2 4 -5 -6
leaf_value=0.0015867642055906123 -0.0021869431277480728 -0.0028232124995836183 -0.041935866069377062 0.01724619003264119 -0.039891306399473837
leaf_weight=6.1251531653106213 5.4250194430351257 1.7825222713872793 0.87293284339830268 5.1774801909923553 1.0794862508773801
leaf_count=35 31 10 14 24 34
internal_value=0.000119487 -0.00760465 -0.0226782 0.00730277 -0.0408054
internal_weight=20.4626 9.86009 3.73494 10.6025 1.95242
internal_count=148 93 58 55 48
is_linear=0
shrinkage=0.05


Tree=307
num_leaves=5
num_cat=0
split_feature=0 4 3 2
split_gain=1.24765 1.65152e-06 1.65675e-06 3.67766e-07
threshold=2.5000000000000004 4.5000000000000009 1.0000000180025095e-35 1.5000000000000002
decision_type=2 2 2 2
left_child=1 3 -3 -1
right_child=-2 2 -4 -5
leaf_value=-0.037994698320661435 0.014991774263811706 -0.037968349509419519 -0.037787465711798369 -0.037926877371306331
leaf_weight=0.52094110753387191 5.7475835755467415 0.20473336707800627 0.33166084811091423 0.32433457113802433
leaf_count=35 32 17 39 25
internal_value=0.00473633 -0.0379251 -0.0378565 -0.0379687
internal_weight=7.12925 1.38167 0.536394 0.845276
internal_count=148 116 56 60
is_linear=0
shrinkage=0.05


Tree=308
num_leaves=7
num_cat=0
split_feature=0 3 1 2 4 2
split_gain=0.780641 0.802289 0.219335 0.0300732 0.0233571 4.41999e-07
threshold=1.0000000180025095e-35 1.0000000180025095e-35 1.0000000180025095e-35 1.0000000180025095e-35 6.5000000000000009 1.5000000000000002
decision_type=2 2 2 2 2 2
left_child=-1 3 -3 -2 -4 -5
right_child=1 2 4 5 -6 -7
leaf_value=0.0091629492711281478 -0.052843089456886587 -0.019269614029382352 0.011569328704874206 -0.039073265075796504 0.0010694539770765578 -0.039146086259543821
leaf_weight=7.3447402194142342 0.76402338920161106 1.2654571654275062 1.2076835560146721 0.41626366111449897 0.94339373381808389 0.41723776957951486
leaf_count=38 9 12 27 18 18 26
internal_value=-0.00121984 -0.0164289 -0.00275246 -0.0456778 0.00696442 -0.0391097
internal_weight=12.3588 5.01406 3.41653 1.59752 2.15108 0.833501
internal_count=148 110 57 53 45 44
is_linear=0
shrinkage=0.05


Tree=309
num_leaves=5
num_cat=0
split_feature=0 1 3 4
split_gain=0.276464 1.45649 0.816628 0.349508
threshold=1.0000000180025095e-35 1.5000000000000002 1.0000000180025095e-35 2.5000000000000004
decision_type=2 2 2 2
left_child=-1 3 -3 -2
right_child=1 2 -4 -5
leaf_value=0.0068657287266777264 0.016721738376601191 -0.044814898843402326 -0.0078649526086863961 -0.0011549779965168928
leaf_weight=7.9421693533659008 4.657984649762513 2.6742749558761707 3.3919482678174973 6.6198781952261925
leaf_count=38 23 26 23 38
internal_value=-0.000860242 -0.0043981 -0.0241542 0.00622847
internal_weight=25.2863 17.3441 6.06622 11.2779
internal_count=148 110 49 61
is_linear=0
shrinkage=0.05


Tree=310
num_leaves=6
num_cat=0
split_feature=2 3 4 4 4
split_gain=0.446592 0.521744 0.516215 0.393693 0.000735362
threshold=1.5000000000000002 1.0000000180025095e-35 1.5000000000000002 4.5000000000000009 4.5000000000000009
decision_type=2 2 2 2 2
left_child=1 -1 -3 -2 -4
right_child=3 2 4 -5 -6
leaf_value=0.001395659419235033 -0.0015184578455182034 -0.0032303762917185695 -0.04180129620041996 0.017849154194486818 -0.039815617100557081
leaf_weight=6.1041456423699856 5.7960932794958353 1.7924980940297248 0.84368708869442333 4.7942396439611912 1.0422334065660832
leaf_count=35 32 10 14 23 34
internal_value=0.00013432 -0.00756811 -0.022443 0.00724925 -0.0407039
internal_weight=20.3729 9.78256 3.67842 10.5903 1.88592
internal_count=148 93 58 55 48
is_linear=0
shrinkage=0.05


Tree=311
num_leaves=5
num_cat=0
split_feature=0 4 3 2
split_gain=1.20088 1.51686e-06 1.47339e-06 3.67271e-07
threshold=2.5000000000000004 4.5000000000000009 1.0000000180025095e-35 1.5000000000000002
decision_type=2 2 2 2
left_child=1 3 -3 -1
right_child=-2 2 -4 -5
leaf_value=-0.037979544451386051 0.014810606728427073 -0.03795110911665589 -0.037777218529650464 -0.03791050189024435
leaf_weight=0.50442934152670182 5.7113945111632347 0.19712803419679403 0.31885542371310294 0.31160104786977172
leaf_count=35 32 17 39 25
internal_value=0.00484021 -0.0379108 -0.0378437 -0.0379532
internal_weight=7.04341 1.33201 0.515983 0.81603
internal_count=148 116 56 60
is_linear=0
shrinkage=0.05


Tree=312
num_leaves=7
num_cat=0
split_feature=1 1 2 4 0 2
split_gain=0.791495 0.774817 0.893974 0.314777 0.00241357 0.000201551
threshold=1.0000000180025095e-35 1.5000000000000002 1.0000000180025095e-35 4.5000000000000009 1.0000000180025095e-35 1.0000000180025095e-35
decision_type=2 2 2 2 2 2
left_child=-1 2 -2 -4 -3 -6
right_child=1 4 3 -5 5 -7
leaf_value=0.018457123671754113 0.019610185622351624 -0.042638466663936898 -0.0028276210398056781 -0.030111951377122859 -0.039534383728441841 -0.037917956123035411
leaf_weight=3.6496078916825345 2.8216115790419281 0.82492221519350983 2.0749729364179075 2.1549391257576644 0.39672717684879899 0.37525560171343386
leaf_count=32 18 7 27 15 9 40
internal_value=-0.00106926 -0.00930933 -0.00218738 -0.0167277 -0.040758 -0.0387486
internal_weight=12.298 8.64843 7.05152 4.22991 1.5969 0.771983
internal_count=148 116 60 42 56 49
is_linear=0
shrinkage=0.05


Tree=313
num_leaves=5
num_cat=0
split_feature=0 1 3 4
split_gain=0.277967 1.36841 0.782736 0.326202
threshold=1.0000000180025095e-35 1.5000000000000002 1.0000000180025095e-35 2.5000000000000004
decision_type=2 2 2 2
left_child=-1 3 -3 -2
right_child=1 2 -4 -5
leaf_value=0.0068721796387699405 0.015949290459092404 -0.04452911662817953 -0.0079291600285172539 -0.0013384372304199854
leaf_weight=7.9326319023966816 4.6522070486098546 2.5853223334997883 3.3585000094026327 6.5994502827525139
leaf_count=38 23 26 23 38
internal_value=-0.000870391 -0.0044422 -0.0238487 0.0058095
internal_weight=25.1281 17.1955 5.94382 11.2517
internal_count=148 110 49 61
is_linear=0
shrinkage=0.05


Tree=314
num_leaves=6
num_cat=0
split_feature=2 4 1 0 1
split_gain=0.439125 0.522455 0.451584 0.386682 0.151875
threshold=1.5000000000000002 4.5000000000000009 1.5000000000000002 1.5000000000000002 1.5000000000000002
decision_type=2 2 2 2 2
left_child=1 4 -3 -2 -1
right_child=3 2 -4 -5 -6
leaf_value=-0.0075778928288961038 -0.0022553493534367402 -0.04506122658455522 -0.006160832536126341 0.016911341515416053 0.007506739763100078
leaf_weight=3.2659492725506425 5.3836030177772045 1.448699400993064 1.5381972137838602 5.1476007141172886 3.4116830118000507
leaf_count=27 31 34 15 24 17
internal_value=5.02969e-05 -0.00764602 -0.0250282 0.00711324 0.000129028
internal_weight=20.1957 9.66453 2.9869 10.5312 6.67763
internal_count=148 93 49 55 44
is_linear=0
shrinkage=0.05


Tree=315
num_leaves=5
num_cat=0
split_feature=3 1 4 4
split_gain=1.15711 0.721516 0.43769 1.84405
threshold=1.0000000180025095e-35 1.5000000000000002 6.5000000000000009 4.5000000000000009
decision_type=2 2 2 2
left_child=1 -1 3 -2
right_child=2 -3 -4 -5
leaf_value=-0.0022236772329156575 0.0082477787960138875 0.041480749554422131 0.003598193960179174 -0.096252190459703776
leaf_weight=1.6313301839400085 1.0332641061395409 2.2425187388435006 1.3324796285014597 0.7138039378914981
leaf_count=35 39 28 30 16
internal_value=0.00489045 0.0230762 -0.0179859 -0.034448
internal_weight=6.9534 3.87385 3.07955 1.74707
internal_count=148 63 85 55
is_linear=0
shrinkage=0.05


Tree=316
num_leaves=6
num_cat=0
split_feature=0 4 4 1 2
split_gain=0.782664 0.774236 1.10081 0.00774968 0.000338652
threshold=1.0000000180025095e-35 4.5000000000000009 6.5000000000000009 1.0000000180025095e-35 1.0000000180025095e-35
decision_type=2 2 2 2 2
left_child=-1 3 -3 -2 -5
right_child=1 2 -4 4 -6
leaf_value=0.0094829547852776346 -0.045594206415316821 0.036460526324438601 -0.024859379987711126 -0.04000398065594956 -0.03822827816096968
leaf_weight=7.2580246478319168 0.77985936496406782 1.2003944350872191 1.8752656828146426 0.50124739459715761 0.57827212451957166
leaf_count=38 11 17 35 11 36
internal_value=-0.000962737 -0.0163253 -0.000926932 -0.0417964 -0.0390528
internal_weight=12.1931 4.93504 3.07566 1.85938 1.07952
internal_count=148 110 52 58 47
is_linear=0
shrinkage=0.05


Tree=317
num_leaves=6
num_cat=0
split_feature=4 4 4 2 2
split_gain=0.405215 0.660185 0.224503 0.420641 0.482009
threshold=1.0000000180025095e-35 1.5000000000000002 3.5000000000000004 1.0000000180025095e-35 1.5000000000000002
decision_type=2 2 2 2 2
left_child=-1 -2 -3 -4 -5
right_child=1 2 3 4 -6
leaf_value=-0.017200160895285425 0.019456051910343036 -0.012559267022212646 -0.011782380734073323 0.018673215566414717 -0.0049657726408589634
leaf_weight=3.3060523793101337 4.1751870643347528 4.3230580892413881 4.5191161604598156 4.3849457912147027 4.24313685297966
leaf_count=15 22 23 27 30 31
internal_value=-0.00089621 0.001594 -0.00267482 0.00057538 0.00704798
internal_weight=24.9515 21.6454 17.4703 13.1472 8.62808
internal_count=148 133 111 88 61
is_linear=0
shrinkage=0.05


Tree=318
num_leaves=6
num_cat=0
split_feature=2 4 1 0 1
split_gain=0.414332 0.502187 0.429361 0.358002 0.124751
threshold=1.5000000000000002 4.5000000000000009 1.5000000000000002 1.5000000000000002 1.5000000000000002
decision_type=2 2 2 2 2
left_child=1 4 -3 -2 -1
right_child=3 2 -4 -5 -6
leaf_value=-0.0069446486253522764 -0.0022353840033308386 -0.044785881454506127 -0.0064402659284500023 0.016227454562503057 0.00677882565426803
leaf_weight=3.2497881664894521 5.3532156608998775 1.402381957275793 1.5226138737052679 5.1530098430812359 3.3765943348407745
leaf_count=27 31 34 15 24 17
internal_value=-3.18334e-05 -0.00756878 -0.024825 0.00682012 4.83986e-05
internal_weight=20.0576 9.55138 2.925 10.5062 6.62638
internal_count=148 93 49 55 44
is_linear=0
shrinkage=0.05


Tree=319
num_leaves=5
num_cat=0
split_feature=0 4 3 2
split_gain=1.16033 1.22941e-06 1.72757e-06 3.92991e-07
threshold=2.5000000000000004 4.5000000000000009 1.0000000180025095e-35 1.5000000000000002
decision_type=2 2 2 2
left_child=1 3 -3 -1
right_child=-2 2 -4 -5
leaf_value=-0.037967080785836382 0.014742104763866493 -0.037954659347679685 -0.037763325201983708 -0.037894448724853452
leaf_weight=0.4905228584539143 5.6583825200796127 0.19505968736484647 0.29853173857554793 0.30022249463945627
leaf_count=35 32 17 39 25
internal_value=0.00500366 -0.0379009 -0.0378389 -0.0379395
internal_weight=6.94272 1.28434 0.493591 0.790745
internal_count=148 116 56 60
is_linear=0
shrinkage=0.05


Tree=320
num_leaves=6
num_cat=0
split_feature=1 1 3 0 2
split_gain=0.752622 0.744906 0.8881 0.00218225 0.000172355
threshold=1.0000000180025095e-35 1.5000000000000002 1.0000000180025095e-35 1.0000000180025095e-35 1.0000000180025095e-35
decision_type=2 2 2 2 2
left_child=-1 2 -2 -3 -5
right_child=1 3 -4 4 -6
leaf_value=0.018226677752633813 -0.027288871980578663 -0.04246657261864769 0.010527377519022853 -0.03943824423421189 -0.037904370268062565
leaf_weight=3.5714912428520611 2.3379524247720838 0.80137349665164925 4.6215520896948874 0.37627106159925461 0.35680789186153561
leaf_count=32 28 7 32 9 40
internal_value=-0.00103158 -0.00912918 -0.00217649 -0.0406631 -0.0386917
internal_weight=12.0654 8.49396 6.9595 1.53445 0.733079
internal_count=148 116 60 56 49
is_linear=0
shrinkage=0.05


Tree=321
num_leaves=6
num_cat=0
split_feature=4 4 4 2 2
split_gain=0.375098 0.611097 0.206921 0.396602 0.438088
threshold=1.0000000180025095e-35 1.5000000000000002 3.5000000000000004 1.0000000180025095e-35 1.5000000000000002
decision_type=2 2 2 2 2
left_child=-1 -2 -3 -4 -5
right_child=1 2 3 4 -6
leaf_value=-0.016641286589720038 0.018680985461824586 -0.012145222416412402 -0.011559579335967282 0.017967036537982189 -0.0046609553011765633
leaf_weight=3.2870547762140658 4.169262288138273 4.3035671599209335 4.4764302195981136 4.3372785523533803 4.2202919889241457
leaf_count=15 22 23 27 30 31
internal_value=-0.00091034 0.00149394 -0.00263912 0.000499601 0.00680771
internal_weight=24.7939 21.5068 17.3376 13.034 8.55757
internal_count=148 133 111 88 61
is_linear=0
shrinkage=0.05


Tree=322
num_leaves=5
num_cat=0
split_feature=4 4 1 0
split_gain=0.424236 0.556049 0.491282 0.96593
threshold=7.5000000000000009 1.0000000180025095e-35 1.5000000000000002 1.5000000000000002
decision_type=2 2 2 2
left_child=1 -1 3 -3
right_child=-2 2 -4 -5
leaf_value=0.015255104311337503 0.017117597344830312 -0.033424164234328341 0.0028036376333861802 0.0027625418896825532
leaf_weight=3.3107810858637157 3.0590503434650591 3.8951777422334981 6.1838667653501034 3.5021558362059295
leaf_count=15 27 39 34 33
internal_value=-1.55874e-05 -0.00311832 -0.00759733 -0.0162921
internal_weight=19.951 16.892 13.5812 7.39733
internal_count=148 121 106 72
is_linear=0
shrinkage=0.05


Tree=323
num_leaves=5
num_cat=0
split_feature=0 4 3 2
split_gain=1.11681 1.09445e-06 1.58449e-06 3.45328e-07
threshold=2.5000000000000004 4.5000000000000009 1.0000000180025095e-35 1.5000000000000002
decision_type=2 2 2 2
left_child=1 3 -3 -1
right_child=-2 2 -4 -5
leaf_value=-0.037950977911945988 0.014593160008323997 -0.037940477851204163 -0.037753654291425104 -0.037881646216424425
leaf_weight=0.47267524152994134 5.6306489408016205 0.18830250343307853 0.28566584852524102 0.2896634703502059
leaf_count=35 32 17 39 25
internal_value=0.00514469 -0.0378875 -0.0378279 -0.0379246
internal_weight=6.86696 1.23631 0.473968 0.762339
internal_count=148 116 56 60
is_linear=0
shrinkage=0.05


Tree=324
num_leaves=6
num_cat=0
split_feature=0 3 1 4 4
split_gain=0.763911 0.738458 0.219923 0.0297208 0.018952
threshold=1.0000000180025095e-35 1.0000000180025095e-35 1.0000000180025095e-35 6.5000000000000009 6.5000000000000009
decision_type=2 2 2 2 2
left_child=-1 3 -3 -2 -4
right_child=1 2 4 -5 -6
leaf_value=0.0092401051970617178 -0.039599251759117583 -0.020248694478394971 0.010654653348965124 -0.053865291230898421 0.0010842680067202745
leaf_weight=7.1633596532046795 0.82549038995057322 1.2280139196664097 1.1636610720306637 0.65458532166667283 0.93128216639161099
leaf_count=38 38 12 27 15 18
internal_value=-0.00110439 -0.0165324 -0.00344799 -0.0459086 0.00640025
internal_weight=11.9664 4.80303 3.32296 1.48008 2.09494
internal_count=148 110 57 53 45
is_linear=0
shrinkage=0.05


Tree=325
num_leaves=6
num_cat=0
split_feature=4 4 4 2 2
split_gain=0.32966 0.5491 0.203842 0.370889 0.406947
threshold=1.0000000180025095e-35 1.5000000000000002 3.5000000000000004 1.0000000180025095e-35 1.5000000000000002
decision_type=2 2 2 2 2
left_child=-1 -2 -3 -4 -5
right_child=1 2 3 4 -6
leaf_value=-0.015700572497081549 0.017649078541400662 -0.012030692977524529 -0.011120421009880047 0.01747956311602767 -0.0044050459441814438
leaf_weight=3.2601128369569805 4.1695391014218357 4.2808789778500822 4.4614926744252434 4.3054773937910777 4.1928989654406905
leaf_count=15 22 23 27 30 31
internal_value=-0.000888708 0.00136667 -0.0025711 0.000553576 0.00668221
internal_weight=24.6704 21.4103 17.2407 12.9599 8.49838
internal_count=148 133 111 88 61
is_linear=0
shrinkage=0.05


Tree=326
num_leaves=6
num_cat=0
split_feature=4 4 0 1 0
split_gain=0.403756 0.488017 0.462626 0.920528 0.753091
threshold=7.5000000000000009 1.0000000180025095e-35 1.5000000000000002 1.5000000000000002 2.5000000000000004
decision_type=2 2 2 2 2
left_child=1 -1 3 -3 -4
right_child=-2 2 4 -5 -6
leaf_value=0.014202978850914824 0.01673312103037581 -0.032590291920387232 0.018303743887957202 0.0035657381758503331 -0.016069886678978716
leaf_weight=3.2962457947433057 3.0482353249099097 3.8491806455422175 3.460516638122499 3.2440996691584587 2.9533571586944163
leaf_count=15 27 39 26 18 23
internal_value=-8.81618e-06 -0.0030459 -0.00725527 -0.0160544 0.00247593
internal_weight=19.8516 16.8034 13.5072 7.09328 6.41387
internal_count=148 121 106 57 49
is_linear=0
shrinkage=0.05


Tree=327
num_leaves=5
num_cat=0
split_feature=3 1 4 4
split_gain=1.0777 0.688212 0.41334 1.6995
threshold=1.0000000180025095e-35 1.5000000000000002 6.5000000000000009 4.5000000000000009
decision_type=2 2 2 2
left_child=1 -1 3 -2
right_child=2 -3 -4 -5
leaf_value=-0.001962269487487595 0.0090148603529874201 0.041210990901092884 0.0039770599509073362 -0.092338323334261743
leaf_weight=1.5987948528490963 0.9884140193462374 2.1839995281770825 1.3100031218491492 0.71121662319637835
leaf_count=35 39 28 30 16
internal_value=0.00519922 0.0229638 -0.0171291 -0.0333967
internal_weight=6.79243 3.78279 3.00963 1.69963
internal_count=148 63 85 55
is_linear=0
shrinkage=0.05


Tree=328
num_leaves=6
num_cat=0
split_feature=0 4 4 1 2
split_gain=0.727345 0.737603 1.00916 0.00765767 0.000268724
threshold=1.0000000180025095e-35 4.5000000000000009 6.5000000000000009 1.0000000180025095e-35 1.0000000180025095e-35
decision_type=2 2 2 2 2
left_child=-1 3 -3 -2 -5
right_child=1 2 -4 4 -6
leaf_value=0.0089423647908497186 -0.045617106936349079 0.035473909372678962 -0.024288738854193463 -0.039853694046074334 -0.038221272673450421
leaf_weight=7.133613720536232 0.76090965792536724 1.1544729962479325 1.8199408879736436 0.47108459169976391 0.5423483403865248
leaf_count=38 11 17 35 11 36
internal_value=-0.00115072 -0.0163126 -0.00109279 -0.0418263 -0.0389801
internal_weight=11.8824 4.74876 2.97441 1.77434 1.01343
internal_count=148 110 52 58 47
is_linear=0
shrinkage=0.05


Tree=329
num_leaves=6
num_cat=0
split_feature=4 4 4 2 2
split_gain=0.29261 0.501458 0.192653 0.354489 0.380323
threshold=1.0000000180025095e-35 1.5000000000000002 3.5000000000000004 1.0000000180025095e-35 1.5000000000000002
decision_type=2 2 2 2 2
left_child=-1 -2 -3 -4 -5
right_child=1 2 3 4 -6
leaf_value=-0.014787046122408118 0.016902282772712475 -0.011647613304029327 -0.01079469966275938 0.017089052259175459 -0.0041203262368421688
leaf_weight=3.233594584278765 4.1716043371707228 4.2579548042267588 4.4567815111950031 4.2865339573472721 4.1697398414835334
leaf_count=15 22 23 27 30 31
internal_value=-0.00077059 0.00135303 -0.00242458 0.000616624 0.00663083
internal_weight=24.5762 21.3426 17.171 12.9131 8.45627
internal_count=148 133 111 88 61
is_linear=0
shrinkage=0.05


Tree=330
num_leaves=5
num_cat=0
split_feature=4 4 1 0
split_gain=0.388207 0.436356 0.444434 0.86024
threshold=7.5000000000000009 1.0000000180025095e-35 1.5000000000000002 1.5000000000000002
decision_type=2 2 2 2
left_child=1 -1 3 -3
right_child=-2 2 -4 -5
leaf_value=0.013315455967376377 0.016412045611661919 -0.031817395977337959 0.0028837460035781651 0.0026054812949122511
leaf_weight=3.2826226875186029 3.0362132396548978 3.8017098640557361 6.1396634541451931 3.4729577591642737
leaf_count=15 27 39 34 33
internal_value=-3.37738e-05 -0.00302432 -0.00702283 -0.0153838
internal_weight=19.7332 16.697 13.4143 7.27467
internal_count=148 121 106 72
is_linear=0
shrinkage=0.05


Tree=331
num_leaves=5
num_cat=0
split_feature=0 4 3 2
split_gain=1.06105 1.04104e-06 1.59977e-06 3.30592e-07
threshold=2.5000000000000004 4.5000000000000009 1.0000000180025095e-35 1.5000000000000002
decision_type=2 2 2 2
left_child=1 3 -3 -1
right_child=-2 2 -4 -5
leaf_value=-0.037942239521624649 0.01411333128296597 -0.037933239936244055 -0.037741178092314677 -0.037873511357914579
leaf_weight=0.46120549249462761 5.5564347505569458 0.1834167679771781 0.26516630267724395 0.28192440909333527
leaf_count=35 32 17 39 25
internal_value=0.00493141 -0.0378799 -0.0378197 -0.0379162
internal_weight=6.74815 1.19171 0.448583 0.74313
internal_count=148 116 56 60
is_linear=0
shrinkage=0.05


Tree=332
num_leaves=6
num_cat=0
split_feature=1 1 3 0 2
split_gain=0.714234 0.705819 0.810954 0.00209348 0.000141667
threshold=1.0000000180025095e-35 1.5000000000000002 1.0000000180025095e-35 1.0000000180025095e-35 1.0000000180025095e-35
decision_type=2 2 2 2 2
left_child=-1 2 -2 -3 -5
right_child=1 3 -4 4 -6
leaf_value=0.017874252704881948 -0.026901525344434164 -0.042419559324880951 0.0096969871142853215 -0.03932888807350024 -0.037881573201367369
leaf_weight=3.4591487278230479 2.262648559641093 0.78768816962838151 4.5720684968400747 0.3491766310762614 0.32780444982927293
leaf_count=32 28 7 32 9 40
internal_value=-0.00121338 -0.00916902 -0.00241903 -0.0406671 -0.0386281
internal_weight=11.7585 8.29939 6.83472 1.46467 0.676981
internal_count=148 116 60 56 49
is_linear=0
shrinkage=0.05


Tree=333
num_leaves=5
num_cat=0
split_feature=0 1 3 4
split_gain=0.296137 1.14015 0.796831 0.265713
threshold=1.0000000180025095e-35 1.5000000000000002 1.0000000180025095e-35 2.5000000000000004
decision_type=2 2 2 2
left_child=-1 3 -3 -2
right_child=1 2 -4 -5
leaf_value=0.0073088812785548664 0.014166378577569784 -0.044244045574930828 -0.006504110604560286 -0.001633342183011189
leaf_weight=7.7553517520427731 4.5490735843777674 2.44104159483686 3.2752226404845715 6.4116403963416815
leaf_count=38 23 26 23 38
internal_value=-0.000763313 -0.00451715 -0.0226204 0.00492409
internal_weight=24.4323 16.677 5.71626 10.9607
internal_count=148 110 49 61
is_linear=0
shrinkage=0.05


Tree=334
num_leaves=6
num_cat=0
split_feature=2 3 4 0 2
split_gain=0.380313 0.569485 0.456757 0.370238 0.0010011
threshold=1.5000000000000002 1.0000000180025095e-35 1.5000000000000002 1.5000000000000002 1.0000000180025095e-35
decision_type=2 2 2 2 2
left_child=1 -1 -3 -2 -4
right_child=3 2 4 -5 -6
leaf_value=0.0023338971569462812 -0.0027344665563841675 -0.0049182338740952798 -0.041959516836184207 0.016224740352755684 -0.03959435648229357
leaf_weight=5.7902052216231823 5.2247825562953949 1.7464044820517304 0.94348563742823877 5.0773978754878044 0.85088825691491365
leaf_count=35 31 10 26 24 22
internal_value=-1.33238e-05 -0.00732549 -0.0231214 0.00660952 -0.040838
internal_weight=19.6332 9.33098 3.54078 10.3022 1.79437
internal_count=148 93 58 55 48
is_linear=0
shrinkage=0.05


Tree=335
num_leaves=5
num_cat=0
split_feature=0 4 3 2
split_gain=1.01652 9.6559e-07 1.39925e-06 2.84906e-07
threshold=2.5000000000000004 4.5000000000000009 1.0000000180025095e-35 1.5000000000000002
decision_type=2 2 2 2
left_child=1 3 -3 -1
right_child=-2 2 -4 -5
leaf_value=-0.037927239480919001 0.013860174643773272 -0.037916210166926798 -0.037732699785844398 -0.037862308761421895
leaf_weight=0.44473053724504985 5.5270812548696995 0.17581741325557232 0.25386080238968134 0.27243599132634699
leaf_count=35 32 17 39 25
internal_value=0.00497139 -0.0378671 -0.0378078 -0.0379026
internal_weight=6.67393 1.14684 0.429678 0.717167
internal_count=148 116 56 60
is_linear=0
shrinkage=0.05


Tree=336
num_leaves=5
num_cat=0
split_feature=0 4 1 2
split_gain=0.708724 0.705667 0.00725324 0.000225712
threshold=1.0000000180025095e-35 4.5000000000000009 1.0000000180025095e-35 1.0000000180025095e-35
decision_type=2 2 2 2
left_child=-1 2 -2 -4
right_child=1 -3 3 -5
leaf_value=0.0088937403992307689 -0.045481575283260856 -0.0013216937283594746 -0.039737907737900688 -0.038202773913341356
leaf_weight=7.0665859505534172 0.747125443536788 2.9138463488779962 0.44717968790791929 0.51543326419778168
leaf_count=38 11 52 11 36
internal_value=-0.0010645 -0.0162845 -0.041785 -0.0389159
internal_weight=11.6902 4.62358 1.70974 0.962613
internal_count=148 110 58 47
is_linear=0
shrinkage=0.05


Tree=337
num_leaves=5
num_cat=0
split_feature=0 1 3 4
split_gain=0.277833 1.10538 0.752448 0.24463
threshold=1.0000000180025095e-35 1.5000000000000002 1.0000000180025095e-35 2.5000000000000004
decision_type=2 2 2 2
left_child=-1 3 -3 -2
right_child=1 2 -4 -5
leaf_value=0.0070173728178246483 0.013659716915036257 -0.043976734488267104 -0.0068707924675013958 -0.0015171594206479289
leaf_weight=7.7328921481966999 4.5431313626468199 2.3632467640563837 3.2385045327246189 6.3890717979520559
leaf_count=38 23 26 23 38
internal_value=-0.000805615 -0.00446441 -0.0225249 0.00478994
internal_weight=24.2668 16.534 5.60175 10.9322
internal_count=148 110 49 61
is_linear=0
shrinkage=0.05


Tree=338
num_leaves=6
num_cat=0
split_feature=2 3 4 0 2
split_gain=0.375518 0.524027 0.449499 0.359242 0.000928647
threshold=1.5000000000000002 1.0000000180025095e-35 1.5000000000000002 1.5000000000000002 1.0000000180025095e-35
decision_type=2 2 2 2 2
left_child=1 -1 -3 -2 -4
right_child=3 2 4 -5 -6
leaf_value=0.0018493003415649492 -0.0027527455919938641 -0.0047690071585548364 -0.041842445229415874 0.015961922723343031 -0.039526460894196924
leaf_weight=5.7484990209341049 5.1929878666996956 1.7372905360534789 0.91252411785535492 5.0656612142920494 0.82338207494467497
leaf_count=35 31 10 26 24 22
internal_value=-9.33942e-05 -0.00741535 -0.0227493 0.00648845 -0.0407439
internal_weight=19.4803 9.2217 3.4732 10.2586 1.73591
internal_count=148 93 58 55 48
is_linear=0
shrinkage=0.05


Tree=339
num_leaves=5
num_cat=0
split_feature=3 1 4 4
split_gain=1.01628 0.651766 0.402558 1.5939
threshold=1.0000000180025095e-35 1.5000000000000002 6.5000000000000009 4.5000000000000009
decision_type=2 2 2 2
left_child=1 -1 3 -2
right_child=2 -3 -4 -5
leaf_value=-0.0018439803662049241 0.0094387036305427011 0.040735395121689465 0.0041083193117759454 -0.089998989595454229
leaf_weight=1.5639495993964376 0.93922128900885604 2.112980988342315 1.2866286220960317 0.70586149534210563
leaf_count=35 39 28 30 16
internal_value=0.00511653 0.0226246 -0.016842 -0.0332274
internal_weight=6.60864 3.67693 2.93171 1.64508
internal_count=148 63 85 55
is_linear=0
shrinkage=0.05


Tree=340
num_leaves=7
num_cat=0
split_feature=1 1 2 4 0 2
split_gain=0.68504 0.691607 0.790232 0.260168 0.00185709 0.000129438
threshold=1.0000000180025095e-35 1.5000000000000002 1.0000000180025095e-35 4.5000000000000009 1.0000000180025095e-35 1.0000000180025095e-35
decision_type=2 2 2 2 2 2
left_child=-1 2 -2 -4 -3 -6
right_child=1 4 3 -5 5 -7
leaf_value=0.017914943420590006 0.018660814905660104 -0.042238365119293297 -0.0032612836061547594 -0.02855717327642425 -0.039282284392256644 -0.037870041561509159
leaf_weight=3.4124807133339337 2.7343789441511035 0.7633002772927282 2.0028014145791531 2.0639871172606945 0.33656419208273292 0.31326670839916915
leaf_count=32 18 7 27 15 9 40
internal_value=-0.000914973 -0.00873752 -0.00212428 -0.0160995 -0.0405659 -0.0386015
internal_weight=11.6268 8.2143 6.80117 4.06679 1.41313 0.649831
internal_count=148 116 60 42 56 49
is_linear=0
shrinkage=0.05


Tree=341
num_leaves=5
num_cat=0
split_feature=0 1 3 4
split_gain=0.277692 1.05082 0.713791 0.223181
threshold=1.0000000180025095e-35 1.5000000000000002 1.0000000180025095e-35 2.5000000000000004
decision_type=2 2 2 2
left_child=-1 3 -3 -2
right_child=1 2 -4 -5
leaf_value=0.0069827749332514039 0.012954980240913362 -0.043719213536520585 -0.0071511534733233991 -0.0015623028013467964
leaf_weight=7.7234932258725193 4.5301633439958113 2.2830760455690315 3.2117321416735649 6.3702255692332983
leaf_count=38 23 26 23 38
internal_value=-0.00083398 -0.00451632 -0.0223451 0.00447103
internal_weight=24.1187 16.3952 5.49481 10.9004
internal_count=148 110 49 61
is_linear=0
shrinkage=0.05


Tree=342
num_leaves=6
num_cat=0
split_feature=4 4 0 1 0
split_gain=0.367184 0.389953 0.409577 0.792092 0.715751
threshold=7.5000000000000009 1.0000000180025095e-35 1.5000000000000002 1.5000000000000002 2.5000000000000004
decision_type=2 2 2 2 2
left_child=1 -1 3 -3 -4
right_child=-2 2 4 -5 -6
leaf_value=0.012400751834353844 0.015988595273371004 -0.030957904377242541 0.018032779406855052 0.0031063215190026612 -0.015905972195597969
leaf_weight=3.2438046354800525 2.9692590921185902 3.7314803043846023 3.3527518166229129 3.1447740998119116 2.8948043407872319
leaf_count=15 27 39 26 18 23
internal_value=-0.000188007 -0.00312261 -0.00695952 -0.015379 0.00230726
internal_weight=19.3369 16.3676 13.1238 6.87625 6.24756
internal_count=148 121 106 57 49
is_linear=0
shrinkage=0.05


Tree=343
num_leaves=5
num_cat=0
split_feature=0 4 3 2
split_gain=0.990712 7.83243e-07 1.48931e-06 3.14548e-07
threshold=2.5000000000000004 4.5000000000000009 1.0000000180025095e-35 1.5000000000000002
decision_type=2 2 2 2
left_child=1 3 -3 -1
right_child=-2 2 -4 -5
leaf_value=-0.037918547103768858 0.013932454171957804 -0.03791698289737027 -0.037724643176687889 -0.037849245137023903
leaf_weight=0.43445447366684653 5.4850815199315548 0.17370103159919381 0.23928982857614756 0.2627592149656266
leaf_count=35 32 17 39 25
internal_value=0.00521405 -0.0378601 -0.0378055 -0.0378924
internal_weight=6.59529 1.1102 0.412991 0.697214
internal_count=148 116 56 60
is_linear=0
shrinkage=0.05


Tree=344
num_leaves=6
num_cat=0
split_feature=0 3 1 4 4
split_gain=0.712265 0.686633 0.211423 0.0288605 0.0175605
threshold=1.0000000180025095e-35 1.0000000180025095e-35 1.0000000180025095e-35 6.5000000000000009 6.5000000000000009
decision_type=2 2 2 2 2
left_child=-1 3 -3 -2 -4
right_child=1 2 4 -5 -6
leaf_value=0.0092141095828473015 -0.039513032561933704 -0.02051676617973084 0.010427766639353336 -0.054218111055340606 0.001077195675293061
leaf_weight=6.9843795783817768 0.73780735686887033 1.1705166832543912 1.1045077666640284 0.6091386805055663 0.92063966952264298
leaf_count=38 38 12 27 15 18
internal_value=-0.000809446 -0.0162209 -0.00360049 -0.0461632 0.00617696
internal_weight=11.527 4.54261 3.19566 1.34695 2.02515
internal_count=148 110 57 53 45
is_linear=0
shrinkage=0.05


Tree=345
num_leaves=6
num_cat=0
split_feature=4 4 4 2 2
split_gain=0.251914 0.434347 0.220318 0.325363 0.329324
threshold=1.0000000180025095e-35 1.5000000000000002 3.5000000000000004 1.0000000180025095e-35 1.5000000000000002
decision_type=2 2 2 2 2
left_child=-1 -2 -3 -4 -5
right_child=1 2 3 4 -6
leaf_value=-0.01390437631491013 0.015866235935391878 -0.012307357904143024 -0.0101126803679679 0.016707046626626851 -0.0033354980436106994
leaf_weight=3.1714183213189271 4.0724545214325216 4.1655890755355385 4.3355888165533534 4.1559265535324794 4.0438003139570355
leaf_count=15 22 23 27 30 31
internal_value=-0.000778822 0.00122502 -0.00234518 0.000965332 0.00682281
internal_weight=23.9448 20.7734 16.7009 12.5353 8.19973
internal_count=148 133 111 88 61
is_linear=0
shrinkage=0.05


Tree=346
num_leaves=6
num_cat=0
split_feature=2 3 4 0 2
split_gain=0.379484 0.49812 0.432505 0.345198 0.000882117
threshold=1.5000000000000002 1.0000000180025095e-35 1.5000000000000002 1.5000000000000002 1.0000000180025095e-35
decision_type=2 2 2 2 2
left_child=1 -1 -3 -2 -4
right_child=3 2 4 -5 -6
leaf_value=0.0014857023695005042 -0.0027286197940071307 -0.0051322261505796071 -0.041780255762001561 0.015738572651130239 -0.039493885656385445
leaf_weight=5.6211162190884352 5.1054029893130064 1.7295975452288987 0.88592387991957344 5.0173709467053413 0.80537149449810386
leaf_count=35 31 10 26 24 22
internal_value=-0.000224954 -0.0076694 -0.0227128 0.00642468 -0.0406915
internal_weight=19.1648 9.04201 3.42089 10.1228 1.6913
internal_count=148 93 58 55 48
is_linear=0
shrinkage=0.05


Tree=347
num_leaves=5
num_cat=0
split_feature=3 1 4 4
split_gain=0.948127 0.614119 0.384409 1.48275
threshold=1.0000000180025095e-35 1.5000000000000002 6.5000000000000009 4.5000000000000009
decision_type=2 2 2 2
left_child=1 -1 3 -2
right_child=2 -3 -4 -5
leaf_value=-0.0017038831819572988 0.0095823776093353907 0.040016413009616648 0.0041963366576924181 -0.086858741753754631
leaf_weight=1.5456759959924968 0.9136616208124908 2.0544620379805565 1.276927792234346 0.70691359252668917
leaf_count=35 39 28 30 16
internal_value=0.00496956 0.0221043 -0.0163203 -0.0324864
internal_weight=6.49764 3.60014 2.8975 1.62058
internal_count=148 63 85 55
is_linear=0
shrinkage=0.05


Tree=348
num_leaves=6
num_cat=0
split_feature=0 4 4 1 2
split_gain=0.678461 0.672087 0.92373 0.00633987 0.000193013
threshold=1.0000000180025095e-35 4.5000000000000009 6.5000000000000009 1.0000000180025095e-35 1.0000000180025095e-35
decision_type=2 2 2 2 2
left_child=-1 3 -3 -2 -5
right_child=1 2 -4 4 -6
leaf_value=0.0089443303122560755 -0.045152425448766215 0.034574700665894909 -0.023793941147044674 -0.039641648539069055 -0.038182028415428268
leaf_weight=6.9624713137745857 0.71793939778581239 1.0995246020611378 1.7674269352573899 0.42679480137303472 0.48258372151758522
leaf_count=38 11 17 35 11 36
internal_value=-0.000831411 -0.0159759 -0.00140858 -0.04164 -0.0388671
internal_weight=11.4567 4.49427 2.86695 1.62732 0.909379
internal_count=148 110 52 58 47
is_linear=0
shrinkage=0.05


Tree=349
num_leaves=5
num_cat=0
split_feature=0 1 3 4
split_gain=0.261829 0.988049 0.686321 0.20146
threshold=1.0000000180025095e-35 1.5000000000000002 1.0000000180025095e-35 2.5000000000000004
decision_type=2 2 2 2
left_child=-1 3 -3 -2
right_child=1 2 -4 -5
leaf_value=0.0068347109511234603 0.012384935196914595 -0.043464017745007105 -0.0070698794489610561 -0.0014543157475790174
leaf_weight=7.6424621716141727 4.4995903521776217 2.1916156420484176 3.1677973307669163 6.3278373908251524
leaf_count=38 23 26 23 38
internal_value=-0.000792885 -0.00439418 -0.0219525 0.00429691
internal_weight=23.8293 16.1868 5.35941 10.8274
internal_count=148 110 49 61
is_linear=0
shrinkage=0.05


Tree=350
num_leaves=5
num_cat=0
split_feature=4 0 0 3
split_gain=0.347596 0.358571 0.947872 0.387501
threshold=7.5000000000000009 2.5000000000000004 1.5000000000000002 1.0000000180025095e-35
decision_type=2 2 2 2
left_child=1 2 3 -1
right_child=-2 -3 -4 -5
leaf_value=0.00032532810795031579 0.01559713868886145 -0.018246876932263161 0.022235834068869725 -0.020513297627584182
leaf_weight=5.6760964281857067 2.9314136069733641 3.1519079362042239 3.6308535579591981 3.6754152690991759
leaf_count=29 27 25 27 40
internal_value=-0.000241483 -0.00311918 0.000553579 -0.00786486
internal_weight=19.0657 16.1343 12.9824 9.35151
internal_count=148 121 96 69
is_linear=0
shrinkage=0.05


Tree=351
num_leaves=5
num_cat=0
split_feature=0 4 3 2
split_gain=0.9487 6.71097e-07 1.49683e-06 3.24998e-07
threshold=2.5000000000000004 4.5000000000000009 1.0000000180025095e-35 1.5000000000000002
decision_type=2 2 2 2
left_child=1 3 -3 -1
right_child=-2 2 -4 -5
leaf_value=-0.037910617427068583 0.013605973323842183 -0.037913792215663683 -0.03771723663865742 -0.037839126573624531
leaf_weight=0.42366059101186671 5.4129630886018276 0.17001705709844828 0.22509841446299106 0.2544491570442915
leaf_count=35 32 17 39 25
internal_value=0.00509131 -0.0378536 -0.0378018 -0.0378838
internal_weight=6.48619 1.07323 0.395115 0.67811
internal_count=148 116 56 60
is_linear=0
shrinkage=0.05


Tree=352
num_leaves=6
num_cat=0
split_feature=1 1 3 0 2
split_gain=0.663454 0.671652 0.734323 0.00171598 0.000109226
threshold=1.0000000180025095e-35 1.5000000000000002 1.0000000180025095e-35 1.0000000180025095e-35 1.0000000180025095e-35
decision_type=2 2 2 2 2
left_child=-1 2 -2 -3 -5
right_child=1 3 -4 4 -6
leaf_value=0.018100125192572047 -0.025827238657876891 -0.042128875565531382 0.009564747860448199 -0.039203468777705301 -0.037866640594869223
leaf_weight=3.3236028240062288 2.1717415056191385 0.74591416865587212 4.5075227909255773 0.31563149928115308 0.29617314506322145
leaf_count=32 28 7 32 9 40
internal_value=-0.000689454 -0.00845967 -0.00194284 -0.040519 -0.0385563
internal_weight=11.3606 8.03698 6.67926 1.35772 0.611805
internal_count=148 116 60 56 49
is_linear=0
shrinkage=0.05


Tree=353
num_leaves=5
num_cat=0
split_feature=0 1 3 4
split_gain=0.25306 0.935414 0.662052 0.182602
threshold=1.0000000180025095e-35 1.5000000000000002 1.0000000180025095e-35 2.5000000000000004
decision_type=2 2 2 2
left_child=-1 3 -3 -2
right_child=1 2 -4 -5
leaf_value=0.0067847860439320664 0.01188585080007961 -0.043198381269319762 -0.0070504390802653173 -0.0013224758301484838
leaf_weight=7.6325310841202763 4.4825149215757865 2.1123584746383122 3.1639073397964239 6.2863667774945498
leaf_count=38 23 26 23 38
internal_value=-0.000709841 -0.00427497 -0.0215223 0.00417545
internal_weight=23.6777 16.0451 5.27627 10.7689
internal_count=148 110 49 61
is_linear=0
shrinkage=0.05


Tree=354
num_leaves=6
num_cat=0
split_feature=2 4 1 0 2
split_gain=0.37565 0.509426 0.347959 0.336526 0.0912011
threshold=1.5000000000000002 4.5000000000000009 1.5000000000000002 1.5000000000000002 1.0000000180025095e-35
decision_type=2 2 2 2 2
left_child=1 4 -3 -2 -1
right_child=3 2 -4 -5 -6
leaf_value=-0.0062100791770750598 -0.0027385796779390479 -0.044710198744054956 -0.0083877518327025308 0.015591526454030431 0.0058709412698330155
leaf_weight=3.0410048672929406 5.0543420203030109 1.2940227084327489 1.3443455304950476 4.9623842984437943 3.2124388585798442
leaf_count=22 31 34 15 24 22
internal_value=-0.000297615 -0.00777759 -0.0262026 0.00634233 -3.97239e-06
internal_weight=18.9085 8.89181 2.63837 10.0167 6.25344
internal_count=148 93 49 55 44
is_linear=0
shrinkage=0.05


Tree=355
num_leaves=5
num_cat=0
split_feature=0 4 3 2
split_gain=0.892628 5.89699e-07 1.29943e-06 2.85849e-07
threshold=2.5000000000000004 4.5000000000000009 1.0000000180025095e-35 1.5000000000000002
decision_type=2 2 2 2
left_child=1 3 -3 -1
right_child=-2 2 -4 -5
leaf_value=-0.037894656524002611 0.012957689351996505 -0.037897223587327056 -0.037710400262531127 -0.037826261742484657
leaf_weight=0.40728245489299275 5.3484718017280102 0.16312193567864597 0.21674631559289992 0.24446285073645413
leaf_count=35 32 17 39 25
internal_value=0.00474405 -0.0378401 -0.0377906 -0.037869
internal_weight=6.38009 1.03161 0.379868 0.651745
internal_count=148 116 56 60
is_linear=0
shrinkage=0.05


Tree=356
num_leaves=6
num_cat=0
split_feature=0 4 4 1 2
split_gain=0.660599 0.641477 0.862578 0.00569442 0.000156951
threshold=1.0000000180025095e-35 4.5000000000000009 6.5000000000000009 1.0000000180025095e-35 1.0000000180025095e-35
decision_type=2 2 2 2 2
left_child=-1 3 -3 -2 -5
right_child=1 2 -4 4 -6
leaf_value=0.0090253167629512909 -0.044868811752606541 0.033635918668509464 -0.023293668975418434 -0.039513255622269122 -0.038160197348764038
leaf_weight=6.9182871617376804 0.6992502207867799 1.0763853278476747 1.742491732817143 0.40335989929735661 0.45731681573670357
leaf_count=38 11 17 35 11 36
internal_value=-0.000593779 -0.0157915 -0.00155516 -0.0415173 -0.0387943
internal_weight=11.2971 4.3788 2.81888 1.55993 0.860677
internal_count=148 110 52 58 47
is_linear=0
shrinkage=0.05


Tree=357
num_leaves=6
num_cat=0
split_feature=4 4 4 2 2
split_gain=0.245326 0.401028 0.220224 0.314942 0.289943
threshold=1.0000000180025095e-35 1.5000000000000002 3.5000000000000004 1.0000000180025095e-35 1.5000000000000002
decision_type=2 2 2 2 2
left_child=-1 -2 -3 -4 -5
right_child=1 2 3 4 -6
leaf_value=-0.013751688715967089 0.015422880810594043 -0.012231465919347441 -0.0098555654919624241 0.016345506119858549 -0.0026576671083997517
leaf_weight=3.1380202299915281 4.017090596258643 4.1050084866583374 4.2532551009207955 4.0693149324506503 3.9611349222250283
leaf_count=15 22 23 27 30 31
internal_value=-0.00073645 0.00126504 -0.00220523 0.00114537 0.00697192
internal_weight=23.5438 20.4058 16.3887 12.2837 8.03045
internal_count=148 133 111 88 61
is_linear=0
shrinkage=0.05


Tree=358
num_leaves=6
num_cat=0
split_feature=2 4 1 0 2
split_gain=0.36985 0.489823 0.329476 0.326313 0.082787
threshold=1.5000000000000002 4.5000000000000009 1.5000000000000002 1.5000000000000002 1.0000000180025095e-35
decision_type=2 2 2 2 2
left_child=1 4 -3 -2 -1
right_child=3 2 -4 -5 -6
leaf_value=-0.0061395679783095933 -0.002748827577023842 -0.044484163293381646 -0.0087830661881609651 0.01533600402363036 0.005407569588789172
leaf_weight=3.029170892201364 5.0255247410386801 1.2560112900100648 1.3311727251857519 4.9521507546305656 3.1835446003824472
leaf_count=22 31 34 15 24 22
internal_value=-0.000362935 -0.00783497 -0.026115 0.00622709 -0.000222537
internal_weight=18.7776 8.7999 2.58718 9.97768 6.21272
internal_count=148 93 49 55 44
is_linear=0
shrinkage=0.05


Tree=359
num_leaves=5
num_cat=0
split_feature=3 1 4 4
split_gain=0.883244 0.584895 0.370231 1.38524
threshold=1.0000000180025095e-35 1.5000000000000002 6.5000000000000009 4.5000000000000009
decision_type=2 2 2 2
left_child=1 -1 3 -2
right_child=2 -3 -4 -5
leaf_value=-0.001745956795665096 0.010148285889825758 0.039582023544506663 0.0043747800656823033 -0.084148273261463097
leaf_weight=1.5075528600718826 0.87122455588541947 1.9811860551126301 1.257460478460416 0.70432723953854293
leaf_count=35 39 28 30 16
internal_value=0.00488185 0.0217234 -0.0158578 -0.0320056
internal_weight=6.32175 3.48874 2.83301 1.57555
internal_count=148 63 85 55
is_linear=0
shrinkage=0.05


Tree=360
num_leaves=6
num_cat=0
split_feature=0 3 1 4 4
split_gain=0.635374 0.631228 0.201839 0.0250102 0.0103526
threshold=1.0000000180025095e-35 1.0000000180025095e-35 1.0000000180025095e-35 6.5000000000000009 6.5000000000000009
decision_type=2 2 2 2 2
left_child=-1 3 -3 -2 -4
right_child=1 2 4 -5 -6
leaf_value=0.0087547301247938147 -0.039333550679025019 -0.020679691871332805 0.0094053494868538718 -0.053620754746710811 0.0021117339526727035
leaf_weight=6.8946639411151409 0.65805857314262517 1.1049517183564606 1.0567142767831681 0.57305628119502217 0.90166208625305433
leaf_count=38 38 12 27 15 18
internal_value=-0.000648648 -0.0157456 -0.00359322 -0.0459839 0.00604727
internal_weight=11.1891 4.29444 3.06333 1.23111 1.95838
internal_count=148 110 57 53 45
is_linear=0
shrinkage=0.05


Tree=361
num_leaves=5
num_cat=0
split_feature=0 1 4 4
split_gain=0.254395 0.876772 0.252633 0.168294
threshold=1.0000000180025095e-35 1.5000000000000002 3.5000000000000004 2.5000000000000004
decision_type=2 2 2 2
left_child=-1 3 -3 -2
right_child=1 2 -4 -5
leaf_value=0.0067876280250527658 0.011254147050144547 -0.033503071970524254 -0.011282521358799447 -0.0014815590715723758
leaf_weight=7.5842216238379505 4.4599515162408334 2.3180542681366196 2.8540762523189187 6.1999009139835835
leaf_count=38 23 15 34 38
internal_value=-0.000742085 -0.00434915 -0.0212414 0.0038469
internal_weight=23.4162 15.832 5.17213 10.6599
internal_count=148 110 49 61
is_linear=0
shrinkage=0.05


Tree=362
num_leaves=6
num_cat=0
split_feature=4 4 0 1 0
split_gain=0.342737 0.338131 0.373881 0.678708 0.622812
threshold=7.5000000000000009 1.0000000180025095e-35 1.5000000000000002 1.5000000000000002 2.5000000000000004
decision_type=2 2 2 2 2
left_child=1 -1 3 -3 -4
right_child=-2 2 4 -5 -6
leaf_value=0.011338646931665801 0.015551451594874846 -0.029745024528051556 0.017066647720007089 0.0023688154857727651 -0.01518433290776347
leaf_weight=3.176050046458843 2.8632289259694508 3.6071864266414178 3.2285806722939014 3.025013018399477 2.7910730135627091
leaf_count=15 27 39 26 18 23
internal_value=-0.000367565 -0.00324728 -0.00690884 -0.0150976 0.00211316
internal_weight=18.6911 15.8279 12.6519 6.6322 6.01965
internal_count=148 121 106 57 49
is_linear=0
shrinkage=0.05


Tree=363
num_leaves=5
num_cat=0
split_feature=0 1 4 2
split_gain=0.873578 5.62056e-07 6.59763e-07 2.99063e-08
threshold=2.5000000000000004 1.5000000000000002 4.5000000000000009 1.5000000000000002
decision_type=2 2 2 2
left_child=1 2 3 -1
right_child=-2 -3 -4 -5
leaf_value=-0.037855732901666661 0.013079009790549405 -0.037882971284389805 -0.037731382689931932 -0.037828726381261876
leaf_weight=0.20859948988072552 5.305928111076355 0.39298173831775784 0.19831517373677343 0.20156006934121251
leaf_count=21 32 39 35 21
internal_value=0.00499491 -0.0378364 -0.0378063 -0.0378425
internal_weight=6.30738 1.00146 0.608475 0.41016
internal_count=148 116 77 42
is_linear=0
shrinkage=0.05


Tree=364
num_leaves=6
num_cat=0
split_feature=1 2 3 4 2
split_gain=0.646739 0.539083 0.794476 0.393819 0.0329602
threshold=1.0000000180025095e-35 1.0000000180025095e-35 1.0000000180025095e-35 4.5000000000000009 1.5000000000000002
decision_type=2 2 2 2 2
left_child=-1 -2 4 -4 -3
right_child=1 2 3 -5 -6
leaf_value=0.01827345694730538 0.0073626145103456442 -0.04598902949144907 0.01076124107299057 -0.023222882818868577 -0.0623617735020848
leaf_weight=3.2371829156763852 3.2500591352581978 0.67160092724952825 1.656268031569198 1.7566059236414728 0.56681688013486564
leaf_count=32 29 19 18 25 25
internal_value=-0.000549487 -0.00826125 -0.0191783 -0.00673038 -0.0534827
internal_weight=11.1385 7.90135 4.65129 3.41287 1.23842
internal_count=148 116 87 43 44
is_linear=0
shrinkage=0.05


Tree=365
num_leaves=5
num_cat=0
split_feature=0 1 4 4
split_gain=0.250067 0.788263 0.243118 0.16016
threshold=1.0000000180025095e-35 1.5000000000000002 3.5000000000000004 2.5000000000000004
decision_type=2 2 2 2
left_child=-1 3 -3 -2
right_child=1 2 -4 -5
leaf_value=0.0067943097830830178 0.010749568701589524 -0.032544313851197805 -0.010618032348463056 -0.0016949789383763469
leaf_weight=7.5811245664954212 4.4409124311059696 2.2785610258579245 2.8399453978054225 6.1880721002817154
leaf_count=38 23 15 34 38
internal_value=-0.00066661 -0.00425843 -0.0203788 0.0035045
internal_weight=23.3286 15.7475 5.11851 10.629
internal_count=148 110 49 61
is_linear=0
shrinkage=0.05


Tree=366
num_leaves=6
num_cat=0
split_feature=2 3 4 0 2
split_gain=0.36032 0.489755 0.393408 0.317584 0.000867747
threshold=1.5000000000000002 1.0000000180025095e-35 1.5000000000000002 1.5000000000000002 1.0000000180025095e-35
decision_type=2 2 2 2 2
left_child=1 -1 -3 -2 -4
right_child=3 2 4 -5 -6
leaf_value=0.0014862875815558705 -0.0028019467224184996 -0.0062070766451962738 -0.041754582826523896 0.015129833019806438 -0.039431968279975305
leaf_weight=5.3609229438006878 4.9703017380088568 1.7046233573928478 0.84949699020944514 4.9068142622709274 0.76363829127512872
leaf_count=35 31 10 26 24 22
internal_value=-0.000424786 -0.00785776 -0.0229561 0.00610631 -0.0406551
internal_weight=18.5558 8.67868 3.31776 9.87712 1.61314
internal_count=148 93 58 55 48
is_linear=0
shrinkage=0.05


Tree=367
num_leaves=5
num_cat=0
split_feature=3 1 4 4
split_gain=0.827001 0.558235 0.353973 1.29009
threshold=1.0000000180025095e-35 1.5000000000000002 6.5000000000000009 4.5000000000000009
decision_type=2 2 2 2
left_child=1 -1 3 -2
right_child=2 -3 -4 -5
leaf_value=-0.0017403741100254048 0.010157155682885242 0.039000042917406573 0.0044385401732832484 -0.081388302745135171
leaf_weight=1.4900568567682058 0.84925193083472572 1.929790074005723 1.2474668961949644 0.70375890249852091
leaf_count=35 39 28 30 16
internal_value=0.00475117 0.0212491 -0.0153955 -0.0313274
internal_weight=6.22032 3.41985 2.80048 1.55301
internal_count=148 63 85 55
is_linear=0
shrinkage=0.05


Tree=368
num_leaves=6
num_cat=0
split_feature=0 4 4 1 2
split_gain=0.63108 0.61151 0.799498 0.00497916 0.000132459
threshold=1.0000000180025095e-35 4.5000000000000009 6.5000000000000009 1.0000000180025095e-35 1.0000000180025095e-35
decision_type=2 2 2 2 2
left_child=-1 3 -3 -2 -5
right_child=1 2 -4 4 -6
leaf_value=0.0089780858783523702 -0.044570058210558518 0.032784622845527793 -0.022721327850159834 -0.039425682414873139 -0.038150992597389029
leaf_weight=6.8347464241087437 0.67241452634334542 1.046960181090981 1.7056812742957843 0.39048047841060907 0.42630666447803378
leaf_count=38 11 17 35 11 36
internal_value=-0.000424024 -0.0155733 -0.00160978 -0.0413836 -0.0387604
internal_weight=11.0766 4.24184 2.75264 1.4892 0.816787
internal_count=148 110 52 58 47
is_linear=0
shrinkage=0.05


Tree=369
num_leaves=5
num_cat=0
split_feature=0 1 4 3
split_gain=0.230062 0.760378 0.222998 0.162278
threshold=1.0000000180025095e-35 1.5000000000000002 3.5000000000000004 1.0000000180025095e-35
decision_type=2 2 2 2
left_child=-1 3 -3 -2
right_child=1 2 -4 -5
leaf_value=0.0064661338549946564 -0.0023889194384831853 -0.031871479154306624 -0.010727903720268682 0.010001919441914128
leaf_weight=7.5437629446387318 5.6171064637601358 2.2461281535215667 2.803633289411664 4.9896043352782726
leaf_count=38 27 15 34 34
internal_value=-0.000706835 -0.00416299 -0.0201325 0.00343997
internal_weight=23.2002 15.6565 5.04976 10.6067
internal_count=148 110 49 61
is_linear=0
shrinkage=0.05


Tree=370
num_leaves=6
num_cat=0
split_feature=2 3 4 0 2
split_gain=0.339737 0.476993 0.376761 0.296311 0.0007998
threshold=1.5000000000000002 1.0000000180025095e-35 1.5000000000000002 1.5000000000000002 1.0000000180025095e-35
decision_type=2 2 2 2 2
left_child=1 -1 -3 -2 -4
right_child=3 2 4 -5 -6
leaf_value=0.0014384743258600121 -0.0027879825549016134 -0.0065168941518974101 -0.041637926664446198 0.01455378158961599 -0.039371902446575034
leaf_weight=5.3320338949561119 4.9532521516084671 1.693783105351031 0.82140873256139435 4.8998711556196213 0.74038106622174382
leaf_count=35 31 10 26 24 22
internal_value=-0.000499877 -0.00776936 -0.0228501 0.00583592 -0.0405637
internal_weight=18.4407 8.58761 3.25557 9.85312 1.56179
internal_count=148 93 58 55 48
is_linear=0
shrinkage=0.05


Tree=371
num_leaves=5
num_cat=0
split_feature=0 1 4 2
split_gain=0.839942 6.59575e-07 5.64655e-07 2.74265e-08
threshold=2.5000000000000004 1.5000000000000002 4.5000000000000009 1.5000000000000002
decision_type=2 2 2 2
left_child=1 2 3 -1
right_child=-2 -3 -4 -5
leaf_value=-0.03784348488962691 0.012802857817691055 -0.037880608484254952 -0.037725492655610482 -0.037817106129643632
leaf_weight=0.20068940659984935 5.2366735152900219 0.38726456882432103 0.18940066825598478 0.19358838489279151
leaf_count=21 32 39 35 21
internal_value=0.00488329 -0.03783 -0.0377964 -0.0378305
internal_weight=6.20762 0.970943 0.583678 0.394278
internal_count=148 116 77 42
is_linear=0
shrinkage=0.05


Tree=372
num_leaves=6
num_cat=0
split_feature=1 2 3 4 2
split_gain=0.61894 0.511341 0.770145 0.37472 0.0300715
threshold=1.0000000180025095e-35 1.0000000180025095e-35 1.0000000180025095e-35 4.5000000000000009 1.5000000000000002
decision_type=2 2 2 2 2
left_child=-1 -2 4 -4 -3
right_child=1 2 3 -5 -6
leaf_value=0.018337349049439542 0.007428060719854232 -0.045710728229486991 0.010715249011304712 -0.022564600775249244 -0.061607219606805042
leaf_weight=3.1823807773180306 3.2258492939872667 0.64784116670489289 1.6480732159689071 1.7376190872164441 0.55014065688010305
leaf_count=32 29 19 18 25 25
internal_value=-0.000248989 -0.00782292 -0.0185561 -0.00636477 -0.0530108
internal_weight=10.9919 7.80952 4.58367 3.38569 1.19798
internal_count=148 116 87 43 44
is_linear=0
shrinkage=0.05


Tree=373
num_leaves=5
num_cat=0
split_feature=0 1 4 4
split_gain=0.231496 0.721328 0.205319 0.145962
threshold=1.0000000180025095e-35 1.5000000000000002 3.5000000000000004 2.5000000000000004
decision_type=2 2 2 2
left_child=-1 3 -3 -2
right_child=1 2 -4 -5
leaf_value=0.0064374841961811731 0.01010614384426572 -0.031258722188148687 -0.010836012436116427 -0.0018276609184605056
leaf_weight=7.5332861840724972 4.4112436082214099 2.2159072388894847 2.7679288825020194 6.1129063032567501
leaf_count=38 23 15 34 38
internal_value=-0.000753256 -0.00424629 -0.0199163 0.00317445
internal_weight=23.0413 15.508 4.98384 10.5241
internal_count=148 110 49 61
is_linear=0
shrinkage=0.05


Tree=374
num_leaves=6
num_cat=0
split_feature=2 3 4 0 2
split_gain=0.334658 0.456199 0.35927 0.291522 0.000747384
threshold=1.5000000000000002 1.0000000180025095e-35 1.5000000000000002 1.5000000000000002 1.0000000180025095e-35
decision_type=2 2 2 2 2
left_child=1 -1 -3 -2 -4
right_child=3 2 4 -5 -6
leaf_value=0.0011368347043282513 -0.0028828286003735209 -0.0068969310983077892 -0.041540410888277202 0.014349728705836333 -0.039313211936929479
leaf_weight=5.3033378999680281 4.9282008726149797 1.6834421167150142 0.79409038089215733 4.8888099454343319 0.71658320701681077
leaf_count=35 31 10 26 24 22
internal_value=-0.000589351 -0.00785407 -0.0227821 0.00569888 -0.0404839
internal_weight=18.3145 8.49745 3.19412 9.81701 1.51067
internal_count=148 93 58 55 48
is_linear=0
shrinkage=0.05


Tree=375
num_leaves=5
num_cat=0
split_feature=0 1 4 2
split_gain=0.809222 6.11283e-07 4.91554e-07 2.60384e-08
threshold=2.5000000000000004 1.5000000000000002 4.5000000000000009 1.5000000000000002
decision_type=2 2 2 2
left_child=1 2 3 -1
right_child=-2 -3 -4 -5
leaf_value=-0.037830411204665196 0.012696105179299125 -0.037867599732010621 -0.037717482300550102 -0.037804179376840885
leaf_weight=0.19284407328814257 5.217531144618988 0.37471611623186618 0.18163328059017658 0.18569645308889449
leaf_count=21 32 39 35 21
internal_value=0.00502022 -0.0378182 -0.0377851 -0.0378175
internal_weight=6.15242 0.93489 0.560174 0.378541
internal_count=148 116 77 42
is_linear=0
shrinkage=0.05


Tree=376
num_leaves=6
num_cat=0
split_feature=0 4 4 1 2
split_gain=0.620449 0.593033 0.75364 0.00448817 0.000121924
threshold=1.0000000180025095e-35 4.5000000000000009 6.5000000000000009 1.0000000180025095e-35 1.0000000180025095e-35
decision_type=2 2 2 2 2
left_child=-1 3 -3 -2 -5
right_child=1 2 -4 4 -6
leaf_value=0.0091715560534136337 -0.04433930445714588 0.032087778394124092 -0.022226434693233287 -0.039375782089565464 -0.038129466358944153
leaf_weight=6.7784691788256168 0.65590817225165643 1.0298880413174631 1.6813164997147394 0.38254985539242625 0.40291467035422102
leaf_count=38 11 17 35 11 36
internal_value=-0.000152078 -0.0153715 -0.00159444 -0.0412861 -0.0387365
internal_weight=10.931 4.15258 2.7112 1.44137 0.785465
internal_count=148 110 52 58 47
is_linear=0
shrinkage=0.05


Tree=377
num_leaves=5
num_cat=0
split_feature=0 1 4 3
split_gain=0.213404 0.696333 0.188347 0.149233
threshold=1.0000000180025095e-35 1.5000000000000002 3.5000000000000004 1.0000000180025095e-35
decision_type=2 2 2 2
left_child=-1 3 -3 -2
right_child=1 2 -4 -5
leaf_value=0.0061101115929648973 -0.002469780820819955 -0.030638911316968543 -0.010946953479438686 0.0094844225307336195
leaf_weight=7.494292430579665 5.6028568893671018 2.1862203269265583 2.7313387794420123 4.8887312412261963
leaf_count=38 27 15 34 34
internal_value=-0.000810504 -0.00417637 -0.0197015 0.00310048
internal_weight=22.9034 15.4091 4.91756 10.4916
internal_count=148 110 49 61
is_linear=0
shrinkage=0.05


Tree=378
num_leaves=6
num_cat=0
split_feature=4 0 0 4 1
split_gain=0.330962 0.300836 0.879869 0.423426 0.592369
threshold=7.5000000000000009 2.5000000000000004 1.5000000000000002 1.0000000180025095e-35 1.5000000000000002
decision_type=2 2 2 2 2
left_child=1 2 3 -1 -5
right_child=-2 -3 -4 4 -6
leaf_value=0.0090732480372285648 0.015157797642873517 -0.017627175323273164 0.02143192852028877 -0.028874556697826168 0.0016883150422341239
leaf_weight=2.5118355676531809 2.8114007737021884 3.0267335805110624 3.4425585288554421 3.5297942199977115 2.8781518340110779
leaf_count=12 27 25 27 39 18
internal_value=-0.00061696 -0.00349882 -3.97045e-05 -0.00832661 -0.0151471
internal_weight=18.2005 15.3891 12.3623 8.91978 6.40795
internal_count=148 121 96 69 57
is_linear=0
shrinkage=0.05


Tree=379
num_leaves=5
num_cat=0
split_feature=0 1 4 2
split_gain=0.780215 5.72041e-07 4.27153e-07 2.29424e-08
threshold=2.5000000000000004 1.5000000000000002 4.5000000000000009 1.5000000000000002
decision_type=2 2 2 2
left_child=1 2 3 -1
right_child=-2 -3 -4 -5
leaf_value=-0.037817352543054905 0.0125972549556098 -0.037855362472496462 -0.037709891664744255 -0.037792217105779458
leaf_weight=0.18501416756771494 5.2002393081784248 0.36268919298890978 0.17479064653161913 0.17824499891139567
leaf_count=21 32 39 35 21
internal_value=0.00515567 -0.0378068 -0.0377741 -0.037805
internal_weight=6.10098 0.900739 0.53805 0.363259
internal_count=148 116 77 42
is_linear=0
shrinkage=0.05


Tree=380
num_leaves=6
num_cat=0
split_feature=1 2 3 4 2
split_gain=0.593394 0.483645 0.746982 0.354883 0.0279284
threshold=1.0000000180025095e-35 1.0000000180025095e-35 1.0000000180025095e-35 4.5000000000000009 1.5000000000000002
decision_type=2 2 2 2 2
left_child=-1 -2 4 -4 -3
right_child=1 2 3 -5 -6
leaf_value=0.018362959726990719 0.0074156885676615733 -0.045436113137733693 0.010590581363235568 -0.021924464831138541 -0.06100996968423749
leaf_weight=3.1265230306889862 3.199395906063728 0.62498482991941251 1.6396940459962936 1.7189032108290119 0.53368255024543032
leaf_count=32 29 19 18 25 25
internal_value=-1.2876e-05 -0.00745813 -0.0179926 -0.00605036 -0.0526094
internal_weight=10.8432 7.71666 4.51726 3.3586 1.15867
internal_count=148 116 87 43 44
is_linear=0
shrinkage=0.05


Tree=381
num_leaves=5
num_cat=0
split_feature=0 1 4 3
split_gain=0.210571 0.627162 0.181084 0.140821
threshold=1.0000000180025095e-35 1.5000000000000002 3.5000000000000004 1.0000000180025095e-35
decision_type=2 2 2 2
left_child=-1 3 -3 -2
right_child=1 2 -4 -5
leaf_value=0.0061534365793318941 -0.0025655615684241845 -0.029742989988870063 -0.010319814283131211 0.0090930185620457151
leaf_weight=7.4898120835423496 5.582784451544283 2.1495107449591151 2.7165549867786467 4.8317818362265825
leaf_count=38 27 15 34 34
internal_value=-0.000714375 -0.00408064 -0.0188997 0.00284337
internal_weight=22.7704 15.2806 4.86607 10.4146
internal_count=148 110 49 61
is_linear=0
shrinkage=0.05


Tree=382
num_leaves=6
num_cat=0
split_feature=2 3 4 0 2
split_gain=0.352943 0.463019 0.323552 0.298181 0.000714255
threshold=1.5000000000000002 1.0000000180025095e-35 1.5000000000000002 1.5000000000000002 1.0000000180025095e-35
decision_type=2 2 2 2 2
left_child=1 -1 -3 -2 -4
right_child=3 2 4 -5 -6
leaf_value=0.00090938908407829145 -0.0029465931734798246 -0.0083141058431764978 -0.041498384280270049 0.014598442530158743 -0.039295050967251104
leaf_weight=5.220812976360321 4.8584897667169571 1.6715341564267876 0.77100853365845956 4.8282031826674938 0.70336586190387607
leaf_count=35 31 10 26 24 22
internal_value=-0.000698799 -0.00822114 -0.0233738 0.0057985 -0.0404473
internal_weight=18.0534 8.36672 3.14591 9.68669 1.47437
internal_count=148 93 58 55 48
is_linear=0
shrinkage=0.05


Tree=383
num_leaves=6
num_cat=0
split_feature=3 4 4 4 4
split_gain=0.775445 0.565499 0.343219 1.21473 0.036365
threshold=1.0000000180025095e-35 6.5000000000000009 6.5000000000000009 4.5000000000000009 3.5000000000000004
decision_type=2 2 2 2 2
left_child=1 4 3 -2 -1
right_child=2 -3 -4 -5 -6
leaf_value=0.029158397370013956 0.011310498662594398 -0.0090259570048051227 0.0046904508038246905 -0.079075551894246476 0.041907094611469166
leaf_weight=1.1507705373223878 0.79326238902285717 1.0563591441605238 1.2220097124809397 0.69950896629597992 1.0884098217356948
leaf_count=29 39 20 30 16 14
internal_value=0.00482869 0.0211292 -0.0149589 -0.0310442 0.0353552
internal_weight=6.01032 3.29554 2.71478 1.49277 2.23918
internal_count=148 63 85 55 43
is_linear=0
shrinkage=0.05


Tree=384
num_leaves=6
num_cat=0
split_feature=0 3 1 4 4
split_gain=0.600795 0.594182 0.194932 0.0233614 0.00369472
threshold=1.0000000180025095e-35 1.0000000180025095e-35 1.0000000180025095e-35 6.5000000000000009 6.5000000000000009
decision_type=2 2 2 2 2
left_child=-1 3 -3 -2 -4
right_child=1 2 4 -5 -6
leaf_value=0.0093315910534834939 -0.039313781305386368 -0.020693637267871233 0.008180366707630107 -0.053857966871745079 0.0037714675098950825
leaf_weight=6.717869620770216 0.57617119513452031 1.0455130212940278 1.0341488218400625 0.5301292291842401 0.879142929567024
leaf_count=38 38 12 27 15 18
internal_value=0.000150716 -0.0150213 -0.00333246 -0.0462832 0.00615451
internal_weight=10.783 4.06511 2.9588 1.1063 1.91329
internal_count=148 110 57 53 45
is_linear=0
shrinkage=0.05


Tree=385
num_leaves=5
num_cat=0
split_feature=0 1 4 4
split_gain=0.19416 0.609285 0.16572 0.135931
threshold=1.0000000180025095e-35 1.5000000000000002 3.5000000000000004 2.5000000000000004
decision_type=2 2 2 2
left_child=-1 3 -3 -2
right_child=1 2 -4 -5
leaf_value=0.0058622120983032608 0.0095475591858315417 -0.029157756642650679 -0.010458522040746931 -0.0020466855293419929
leaf_weight=7.450695842504504 4.3589063808321935 2.1209556895773849 2.6846084976568818 6.0184226706624031
leaf_count=38 23 15 34 38
internal_value=-0.000748564 -0.00399267 -0.0187115 0.00282338
internal_weight=22.6336 15.1829 4.80556 10.3773
internal_count=148 110 49 61
is_linear=0
shrinkage=0.05


Tree=386
num_leaves=6
num_cat=0
split_feature=2 3 4 0 2
split_gain=0.334023 0.44592 0.310759 0.28158 0.000658506
threshold=1.5000000000000002 1.0000000180025095e-35 1.5000000000000002 1.5000000000000002 1.0000000180025095e-35
decision_type=2 2 2 2 2
left_child=1 -1 -3 -2 -4
right_child=3 2 4 -5 -6
leaf_value=0.00076683147171937465 -0.0030040287248523146 -0.0085296527415177938 -0.041391599282439705 0.014077540360596233 -0.039239641172678918
leaf_weight=5.1951012592762709 4.8377273166552186 1.6598165370523932 0.74367825151421107 4.8127614445984364 0.68105050409212708
leaf_count=35 31 10 26 24 22
internal_value=-0.000806515 -0.00817427 -0.0232332 0.00551466 -0.0403629
internal_weight=17.9301 8.27965 3.08455 9.65049 1.42473
internal_count=148 93 58 55 48
is_linear=0
shrinkage=0.05


Tree=387
num_leaves=5
num_cat=0
split_feature=0 1 4 2
split_gain=0.748022 5.26069e-07 3.95397e-07 2.1909e-08
threshold=2.5000000000000004 1.5000000000000002 4.5000000000000009 1.5000000000000002
decision_type=2 2 2 2
left_child=1 2 3 -1
right_child=-2 -3 -4 -5
leaf_value=-0.037809406338684501 0.012265132549417648 -0.037846433800278745 -0.037703640515915453 -0.037784532010823192
leaf_weight=0.18038269225507964 5.119521725922823 0.35337974247522652 0.1657832603668794 0.17383308778516948
leaf_count=21 32 39 35 21
internal_value=0.00496895 -0.0377994 -0.0377674 -0.0377972
internal_weight=5.9929 0.873379 0.519999 0.354216
internal_count=148 116 77 42
is_linear=0
shrinkage=0.05


Tree=388
num_leaves=6
num_cat=0
split_feature=0 4 4 1 2
split_gain=0.571109 0.582895 0.700588 0.00377008 0.000105472
threshold=1.0000000180025095e-35 4.5000000000000009 6.5000000000000009 1.0000000180025095e-35 1.0000000180025095e-35
decision_type=2 2 2 2 2
left_child=-1 3 -3 -2 -5
right_child=1 2 -4 4 -6
leaf_value=0.009153990507743525 -0.043964106821251743 0.031606744253764016 -0.021213575180773006 -0.039303001292703796 -0.038114797346905732
leaf_weight=6.713444784283638 0.62635969067923702 1.0174348255386578 1.6391387845505958 0.37078920158091933 0.3763089420972392
leaf_count=38 11 17 35 11 36
internal_value=0.000222201 -0.0146569 -0.000984046 -0.0411031 -0.0387045
internal_weight=10.7435 4.03003 2.65657 1.37346 0.747098
internal_count=148 110 52 58 47
is_linear=0
shrinkage=0.05


Tree=389
num_leaves=5
num_cat=0
split_feature=0 1 4 3
split_gain=0.196964 0.577228 0.152824 0.133062
threshold=1.0000000180025095e-35 1.5000000000000002 3.5000000000000004 1.0000000180025095e-35
decision_type=2 2 2 2
left_child=-1 3 -3 -2
right_child=1 2 -4 -5
leaf_value=0.0058701279867405575 -0.002698322340059657 -0.02860348561053835 -0.010535061085807016 0.0086769777215512951
leaf_weight=7.4395359717309502 5.5678388718515617 2.0940710082650176 2.6528354003094137 4.7759492062032223
leaf_count=38 27 15 34 34
internal_value=-0.000788163 -0.00407062 -0.0185058 0.0025539
internal_weight=22.5302 15.0907 4.74691 10.3438
internal_count=148 110 49 61
is_linear=0
shrinkage=0.05


Tree=390
num_leaves=6
num_cat=0
split_feature=2 4 1 0 2
split_gain=0.328584 0.441676 0.319809 0.273169 0.0674436
threshold=1.5000000000000002 4.5000000000000009 1.5000000000000002 1.5000000000000002 1.0000000180025095e-35
decision_type=2 2 2 2 2
left_child=1 4 -3 -2 -1
right_child=3 2 -4 -5 -6
leaf_value=-0.0062685154491671337 -0.0029797876284762669 -0.044787198046969012 -0.0081619221376958064 0.013870194527538732 0.0045029860151959969
leaf_weight=2.8413827572949231 4.8179394900798798 1.1816149376099929 1.2026920355856419 4.8033719137310982 2.9744989101309329
leaf_count=22 31 34 15 24 22
internal_value=-0.000835359 -0.0081894 -0.0263127 0.00543245 -0.000759494
internal_weight=17.8215 8.20019 2.38431 9.62131 5.81588
internal_count=148 93 49 55 44
is_linear=0
shrinkage=0.05


Tree=391
num_leaves=5
num_cat=0
split_feature=3 1 1 2
split_gain=0.721895 0.543312 0.324432 0.00711035
threshold=1.0000000180025095e-35 1.5000000000000002 1.5000000000000002 1.0000000180025095e-35
decision_type=2 2 2 2
left_child=1 -1 3 -2
right_child=2 -3 -4 -5
leaf_value=-0.0022077065122328376 0.017072349826671104 0.038981568966326138 -0.025542826944959237 0.0077437392987499305
leaf_weight=1.4245152767980471 0.39005788799840968 1.8279708873014897 1.8727242213208228 0.42884516064077616
leaf_count=35 24 28 28 33
internal_value=0.00509036 0.0209416 -0.0140638 0.0121871
internal_weight=5.94411 3.25249 2.69163 0.818903
internal_count=148 63 85 57
is_linear=0
shrinkage=0.05


Tree=392
num_leaves=6
num_cat=0
split_feature=1 2 3 4 2
split_gain=0.583283 0.467386 0.719748 0.337507 0.0256872
threshold=1.0000000180025095e-35 1.0000000180025095e-35 1.0000000180025095e-35 4.5000000000000009 1.5000000000000002
decision_type=2 2 2 2 2
left_child=-1 -2 4 -4 -3
right_child=1 2 3 -5 -6
leaf_value=0.018812187950777937 0.0076337609029330294 -0.045311430454011675 0.010351875766640168 -0.021450083250683333 -0.060561011626367622
leaf_weight=3.0527042832691222 3.1641940354602411 0.59673169947927795 1.6320789931342008 1.7067308871774001 0.51401901931967586
leaf_count=32 29 19 18 25 25
internal_value=0.000346884 -0.0070567 -0.0175035 -0.00590463 -0.0523684
internal_weight=10.6665 7.61375 4.44956 3.33881 1.11075
internal_count=148 116 87 43 44
is_linear=0
shrinkage=0.05


Tree=393
num_leaves=5
num_cat=0
split_feature=0 1 4 4
split_gain=0.200117 0.53351 0.145106 0.129788
threshold=1.0000000180025095e-35 1.5000000000000002 3.5000000000000004 2.5000000000000004
decision_type=2 2 2 2
left_child=-1 3 -3 -2
right_child=1 2 -4 -5
leaf_value=0.0059099295739160973 0.0088516221945546102 -0.027989213779684576 -0.010301278419046347 -0.0025312890293274709
leaf_weight=7.4320431500673321 4.3262724317610246 2.0660011311992994 2.6426029317080975 5.9458904881030321
leaf_count=38 23 15 34 38
internal_value=-0.000797817 -0.00412557 -0.0180622 0.00226279
internal_weight=22.4128 14.9808 4.7086 10.2722
internal_count=148 110 49 61
is_linear=0
shrinkage=0.05


Tree=394
num_leaves=6
num_cat=0
split_feature=2 3 4 0 2
split_gain=0.313865 0.444757 0.287793 0.258327 0.000625898
threshold=1.5000000000000002 1.0000000180025095e-35 1.5000000000000002 1.5000000000000002 1.0000000180025095e-35
decision_type=2 2 2 2 2
left_child=1 -1 -3 -2 -4
right_child=3 2 4 -5 -6
leaf_value=0.0008148556299640066 -0.0030117878712485001 -0.0092706688779801427 -0.041331063117185818 0.013397407143373459 -0.039193331285417118
leaf_weight=5.1134193539619446 4.7975338958203793 1.6402475759387019 0.71331204241141655 4.7963582314550877 0.65848899446427822
leaf_count=35 31 10 26 24 22
internal_value=-0.000932325 -0.0081632 -0.0234048 0.0051918 -0.0403049
internal_weight=17.7194 8.12547 3.01205 9.59389 1.3718
internal_count=148 93 58 55 48
is_linear=0
shrinkage=0.05


Tree=395
num_leaves=5
num_cat=0
split_feature=0 1 4 2
split_gain=0.731044 5.75067e-07 3.34375e-07 2.39756e-08
threshold=2.5000000000000004 1.5000000000000002 4.5000000000000009 1.5000000000000002
decision_type=2 2 2 2
left_child=1 2 3 -1
right_child=-2 -3 -4 -5
leaf_value=-0.037800385396821699 0.012346560530078833 -0.037843109908591105 -0.03769995898834911 -0.037773855861748806
leaf_weight=0.17410154629033048 5.0832704342901707 0.34654100728221238 0.16092443425441161 0.16670972970314324
leaf_count=21 32 39 35 21
internal_value=0.00517597 -0.0377936 -0.0377594 -0.0377874
internal_weight=5.93155 0.848277 0.501736 0.340811
internal_count=148 116 77 42
is_linear=0
shrinkage=0.05


Tree=396
num_leaves=6
num_cat=0
split_feature=0 3 1 4 4
split_gain=0.565047 0.568867 0.181068 0.0213374 0.00185081
threshold=1.0000000180025095e-35 1.0000000180025095e-35 1.0000000180025095e-35 6.5000000000000009 6.5000000000000009
decision_type=2 2 2 2 2
left_child=-1 3 -3 -2 -4
right_child=1 2 4 -5 -6
leaf_value=0.0093045330593588011 -0.039240499986440913 -0.020269955477743178 0.007355986265395075 -0.053539865965475886 0.0042225633574812056
leaf_weight=6.6548100709915161 0.53441216319333784 1.012778172735125 1.0238051312044261 0.50970778154442087 0.87320599250961084
leaf_count=38 38 12 27 15 18
internal_value=0.000409937 -0.0145605 -0.00319979 -0.046221 0.00591365
internal_weight=10.6087 3.95391 2.90979 1.04412 1.89701
internal_count=148 110 57 53 45
is_linear=0
shrinkage=0.05


Tree=397
num_leaves=5
num_cat=0
split_feature=0 1 4 3
split_gain=0.185248 0.518115 0.132932 0.131695
threshold=1.0000000180025095e-35 1.5000000000000002 3.5000000000000004 1.0000000180025095e-35
decision_type=2 2 2 2
left_child=-1 3 -3 -2
right_child=1 2 -4 -5
leaf_value=0.0056191257944510353 -0.0029973013299294561 -0.027465737311764528 -0.010428857174811663 0.0083818720258097331
leaf_weight=7.3910258561372784 5.545439161360262 2.0405677882954469 2.6086831726133823 4.6957085151225328
leaf_count=38 27 15 34 34
internal_value=-0.000851952 -0.00406395 -0.0179064 0.00222021
internal_weight=22.2814 14.8904 4.64925 10.2411
internal_count=148 110 49 61
is_linear=0
shrinkage=0.05


Tree=398
num_leaves=6
num_cat=0
split_feature=4 0 0 4 1
split_gain=0.310134 0.267873 0.854047 0.365471 0.510218
threshold=7.5000000000000009 2.5000000000000004 1.5000000000000002 1.0000000180025095e-35 1.5000000000000002
decision_type=2 2 2 2 2
left_child=1 2 3 -1 -5
right_child=-2 -3 -4 4 -6
leaf_value=0.0075413201465597841 0.014458783960973408 -0.017331221926712628 0.021164257766602312 -0.02806583839575413 0.0009060300843543352
leaf_weight=2.4612379185855406 2.7586253082845351 2.9337017552461466 3.3003042917698613 3.4358938051154837 2.7247775308787823
leaf_count=12 27 25 27 39 18
internal_value=-0.000937368 -0.00379631 -0.000465772 -0.00874534 -0.015252
internal_weight=17.6145 14.8559 11.9222 8.62191 6.16067
internal_count=148 121 96 69 57
is_linear=0
shrinkage=0.05


Tree=399
num_leaves=5
num_cat=0
split_feature=0 1 4 2
split_gain=0.704694 5.33241e-07 2.91501e-07 2.10835e-08
threshold=2.5000000000000004 1.5000000000000002 4.5000000000000009 1.5000000000000002
decision_type=2 2 2 2
left_child=1 2 3 -1
right_child=-2 -3 -4 -5
leaf_value=-0.037788751913337165 0.012243521798574665 -0.037831679933736567 -0.037693077766298988 -0.037763363918399205
leaf_weight=0.1671404622029512 5.0666603706777096 0.33535036176908761 0.15491692727664486 0.16011469042859972
leaf_count=21 32 39 35 21
internal_value=0.00529302 -0.0377833 -0.0377496 -0.0377763
internal_weight=5.88418 0.817522 0.482172 0.327255
internal_count=148 116 77 42
is_linear=0
shrinkage=0.05


end of trees

feature_importances:
Column_4=510
Column_0=475
Column_1=311
Column_2=306
Column_3=175

parameters:
[boosting: gbdt]
[objective: multiclass]
[metric: multi_logloss]
[tree_learner: serial]
[device_type: cpu]
[data_sample_strategy: bagging]
[data: ]
[valid: ]
[num_iterations: 100]
[learning_rate: 0.05]
[num_leaves: 15]
[num_threads: 8]
[seed: 42]
[deterministic: 0]
[force_col_wise: 0]
[force_row_wise: 0]
[histogram_pool_size: -1]
[max_depth: -1]
[min_data_in_leaf: 20]
[min_sum_hessian_in_leaf: 0.001]
[bagging_fraction: 1]
[pos_bagging_fraction: 1]
[neg_bagging_fraction: 1]
[bagging_freq: 0]
[bagging_seed: 400]
[bagging_by_query: 0]
[feature_fraction: 1]
[feature_fraction_bynode: 1]
[feature_fraction_seed: 30056]
[extra_trees: 0]
[extra_seed: 12879]
[early_stopping_round: 0]
[early_stopping_min_delta: 0]
[first_metric_only: 0]
[max_delta_step: 0]
[lambda_l1: 0]
[lambda_l2: 0]
[linear_lambda: 0]
[min_gain_to_split: 0]
[drop_rate: 0.1]
[max_drop: 50]
[skip_drop: 0.5]
[xgboost_dart_mode: 0]
[uniform_drop: 0]
[drop_seed: 17869]
[top_rate: 0.2]
[other_rate: 0.1]
[min_data_per_group: 100]
[max_cat_threshold: 32]
[cat_l2: 10]
[cat_smooth: 10]
[max_cat_to_onehot: 4]
[top_k: 20]
[monotone_constraints: ]
[monotone_constraints_method: basic]
[monotone_penalty: 0]
[feature_contri: ]
[forcedsplits_filename: ]
[refit_decay_rate: 0.9]
[cegb_tradeoff: 1]
[cegb_penalty_split: 0]
[cegb_penalty_feature_lazy: ]
[cegb_penalty_feature_coupled: ]
[path_smooth: 0]
[interaction_constraints: ]
[verbosity: -1]
[saved_feature_importance_type: 0]
[use_quantized_grad: 0]
[num_grad_quant_bins: 4]
[quant_train_renew_leaf: 0]
[stochastic_rounding: 1]
[linear_tree: 0]
[max_bin: 255]
[max_bin_by_feature: ]
[min_data_in_bin: 3]
[bin_construct_sample_cnt: 200000]
[data_random_seed: 175]
[is_enable_sparse: 1]
[enable_bundle: 1]
[use_missing: 1]
[zero_as_missing: 0]
[feature_pre_filter: 1]
[pre_partition: 0]
[two_round: 0]
[header: 0]
[label_column: ]
[weight_column: ]
[group_column: ]
[ignore_column: ]
[categorical_feature: ]
[forcedbins_filename: ]
[precise_float_parser: 0]
[parser_config_file: ]
[objective_seed: 16083]
[num_class: 4]
[is_unbalance: 0]
[scale_pos_weight: 1]
[sigmoid: 1]
[boost_from_average: 1]
[reg_sqrt: 0]
[alpha: 0.9]
[fair_c: 1]
[poisson_max_delta_step: 0.7]
[tweedie_variance_power: 1.5]
[lambdarank_truncation_level: 30]
[lambdarank_norm: 1]
[label_gain: ]
[lambdarank_position_bias_regularization: 0]
[eval_at: ]
[multi_error_top_k: 1]
[auc_mu_weights: ]
[num_machines: 1]
[local_listen_port: 12400]
[time_out: 120]
[machine_list_filename: ]
[machines: ]
[gpu_platform_id: -1]
[gpu_device_id: -1]
[gpu_device_id_list: ]
[gpu_use_dp: 0]
[num_gpu: 1]

end of parameters

pandas_categorical:null
